insert into cm_configuration(key, value, ts_updated)
values
    ('auth.signup.confirm.commenter', 'false', '2023-01-17 17:55:47.008851'),
    ('domain.defaults.useGravatar',   'false', '2023-01-17 17:55:47.008851'); -- We don't want to involve Gravatar during e2e tests

insert into cm_users (id, email, name, lang_id, password_hash, system_account, is_superuser, confirmed, ts_confirmed, ts_created, user_created, signup_ip, signup_country, signup_host, banned, ts_banned, user_banned, remarks, federated_idp, federated_sso, federated_id, website_url, secret_token)
values
    ('00000000-0000-0000-0000-000000000001', 'root@comentario.app',        'Root',            'en', '$2a$10$NRp62h1E765Rh.VqMfvz2OS9EG92v/BReep4NJbVa7PEKYTWAAJPu', false, true,  true, '2023-06-01 17:21:22', '2023-06-01 17:21:22', null, '12.13.14.15', 'kz', '', false, null,                        null,                                   '',                   null,       false, '',         'https://comentario.app/', '2e91b652-1574-4e59-9cae-f9f8fe80e3a8'),
    ('5787eece-7aa3-44d7-bbba-51866edc4867', 'ace@comentario.app',         'Captain Ace',     'en', '$2a$10$NRp62h1E765Rh.VqMfvz2OS9EG92v/BReep4NJbVa7PEKYTWAAJPu', false, false, true, '2023-06-02 17:21:22', '2023-06-02 17:21:22', null, '', '', '',              false, null,                        null,                                   '',                   null,       false, '',         '',                        '8d9573bd-ea91-4999-ab1d-f0c2920722f6'),
    ('2af9ecd2-a32a-4332-8717-396e9af28639', 'king@comentario.app',        'Engineer King',   'en', '$2a$10$NRp62h1E765Rh.VqMfvz2OS9EG92v/BReep4NJbVa7PEKYTWAAJPu', false, false, true, '2023-06-03 17:21:22', '2023-06-03 17:21:22', null, '', '', '',              false, null,                        null,                                   'Almighty king',      null,       false, '',         '',                        '8f376760-a797-4436-bc8e-50beca9b3369'),
    ('98732142-bc83-48e0-be92-f6dbd6976702', 'queen@comentario.app',       'Cook Queen',      'en', '$2a$10$NRp62h1E765Rh.VqMfvz2OS9EG92v/BReep4NJbVa7PEKYTWAAJPu', false, false, true, '2023-06-04 17:21:22', '2023-06-04 17:21:22', null, '', '', '',              false, null,                        null,                                   '',                   null,       false, '',         '',                        '4ccd2e1d-e969-48cb-8fe4-5f0458590223'),
    ('2d01d8dd-0bb1-4281-850e-e943b9f8128a', 'jack@comentario.app',        'Navigator Jack',  'en', '$2a$10$NRp62h1E765Rh.VqMfvz2OS9EG92v/BReep4NJbVa7PEKYTWAAJPu', false, false, true, '2023-06-05 17:21:22', '2023-06-05 17:21:22', null, '', '', '',              false, null,                        null,                                   'Jack of all trades', null,       false, '',         '',                        'e0e55fb1-2520-45c2-9d9b-7d62a2b53d7c'),
    ('01d1cb57-d98c-46f6-b270-1198860f642f', 'one@blog.com',               'Commenter One',   'en', '$2a$10$3w4LEMCh1iKwJC2uMGCP0eb0BRULg77KmnZuvnlGBMs4ALDbJ5Syy', false, false, true, '2023-06-06 17:21:22', '2023-06-06 17:21:22', null, '', '', '',              false, null,                        null,                                   '',                   null,       false, '',         '',                        '54e4cd41-abe7-4e4a-853a-b1b5e6cf67a9'),
    ('61e2ccdb-4c2f-4b48-9527-fb8443e01a6f', 'two@blog.com',               'Commenter Two',   'en', '$2a$10$3w4LEMCh1iKwJC2uMGCP0eb0BRULg77KmnZuvnlGBMs4ALDbJ5Syy', false, false, true, '2023-06-07 17:21:22', '2023-06-07 17:21:22', null, '', '', '',              false, null,                        null,                                   '',                   null,       false, '',         'https://wikipedia.org/',  '4d946da3-a24c-440b-8cc5-27af9bc74b05'),
    ('a7ab1d55-cfaa-4f26-a1a6-88cc4c6ce96d', 'three@blog.com',             'Commenter Three', 'en', '$2a$10$3w4LEMCh1iKwJC2uMGCP0eb0BRULg77KmnZuvnlGBMs4ALDbJ5Syy', false, false, true, '2023-06-08 17:21:22', '2023-06-08 17:21:22', null, '', '', '',              false, null,                        null,                                   '',                   null,       false, '',         'https://wikipedia.org/',  'f883ff60-2d47-4a94-95fa-cf44ac401678'),
    ('460b2681-7411-4a38-b520-b23e2fac2230', 'banned@comentario.app',      'Naughty One',     'en', '$2a$10$NRp62h1E765Rh.VqMfvz2OS9EG92v/BReep4NJbVa7PEKYTWAAJPu', false, false, true, '2023-06-09 17:21:22', '2023-06-09 17:21:22', null, '', '', '',              true, '2023-03-31 00:51:22.000000', '00000000-0000-0000-0000-000000000001', '',                   null,       false, '',         '',                        '4ec12926-5ebe-4634-be86-85df58149b74'),
    ('30f5efad-a266-46f2-8108-acbebba991de', 'facebook-user@facebook.com', 'Facebook User',   'en', '',                                                             false, false, true, '2023-06-10 17:21:22', '2023-06-10 17:21:22', null, '', '', '',              false, null,                        null,                                   '',                   'facebook', false, '30f5efad', '',                        'a1246e49-dc70-4204-9b91-c9f15f06b535'),
    ('84ba64a4-a723-4bb2-a903-9c89132964f7', 'github-user@github.com',     'GitHub User',     'en', '',                                                             false, false, true, '2023-06-11 17:21:22', '2023-06-11 17:21:22', null, '', '', '',              false, null,                        null,                                   '',                   'github',   false, '84ba64a4', '',                        '379a5d5f-3856-4c08-9ed5-5d4a17ccf5ca'),
    ('820a5748-2033-4cb7-90b4-3a7d1eee4cfd', 'gitlab-user@gitlab.com',     'GitLab User',     'en', '',                                                             false, false, true, '2023-06-12 17:21:22', '2023-06-12 17:21:22', null, '', '', '',              false, null,                        null,                                   '',                   'gitlab',   false, '820a5748', '',                        'b243a746-6fb7-4798-a773-04ae88f0f30c'),
    ('b5962138-7a26-477c-aaea-50a70ef13696', 'google-user@google.com',     'Google User',     'en', '',                                                             false, false, true, '2023-06-13 17:21:22', '2023-06-13 17:21:22', null, '', '', '',              false, null,                        null,                                   '',                   'google',   false, 'b5962138', '',                        '0fea52bd-9d81-4da8-82c0-2614575d8252'),
    ('59866240-df40-470b-ab5f-c06fc2ce6dd1', 'linkedin-user@linkedin.com', 'LinkedIn User',   'en', '',                                                             false, false, true, '2023-06-14 17:21:22', '2023-06-14 17:21:22', null, '', '', '',              false, null,                        null,                                   '',                   'linkedin', false, '59866240', '',                        '6e69dd3e-9d34-4dd1-9cd4-9c86557a88c7'),
    ('28053af1-612b-4d42-b03d-9e30f42f73c2', 'twitter-user@twitter.com',   'Twitter User',    'en', '',                                                             false, false, true, '2023-06-15 17:21:22', '2023-06-15 17:21:22', null, '', '', '',              false, null,                        null,                                   '',                   'twitter',  false, '28053af1', '',                        '06ff4cc0-8a0c-487d-b09f-4caa9550e937'),
    ('683251c4-e70a-4831-b60c-10c564c894a8', 'sso-user@example.com',       'SSO User',        'en', '',                                                             false, false, true, '2023-06-16 17:21:22', '2023-06-16 17:21:22', null, '', '', '',              false, null,                        null,                                   '',                   null,       true,  'xyz-42',   '',                        '683251c4-e70a-4831-b60c-10c564c894a8');

insert into cm_domains (id, name, host, ts_created, is_https, is_readonly, auth_anonymous, auth_local, auth_sso, sso_url, sso_secret, sso_noninteractive, mod_anonymous, mod_authenticated, mod_num_comments, mod_user_age_days, mod_links, mod_images, mod_notify_policy, default_sort, count_comments, count_views)
values
    ('3bcdd9c0-5e9b-4724-9d87-8c520fb2b5c2', 'Test Site',     'localhost:8000',     '2023-01-01 17:56:10', false, false, true,  true, true, 'http://localhost:8080/api/e2e/oauth/3bcdd9c0-5e9b-4724-9d87-8c520fb2b5c2/sso/noninteractive', 'd15679c635ff7a3b5e8196989141557764b3dc63c9f91b0eda46b246b12fe0f4', true, true,  false, 0, 0, false, false, 'pending', 'ta', 16, 5),
    ('4d7affab-4db7-4521-aea2-9451e158d642', 'Frozen Domain', 'lacolhost.com:8000', '2023-01-01 17:56:11', false, true,  true,  true, false, '', null, false, false, false, 0, 0, false, false, 'pending', 'ta', 0, 0),
    ('b5cacc60-6d24-45ca-af03-c62e863587b5', 'Course Domain', 'course.example.com', '2023-01-01 17:56:12', true,  false, true,  true, false, '', null, false, false, false, 0, 0, false, false, 'pending', 'ta', 0, 0),
    ('a15d2d4c-4353-44a2-a796-66ca2a3924ca', 'System Domain', 'system.example.com', '2023-01-02 17:56:13', false, false, true,  true, false, '', null, false, false, false, 0, 0, false, false, 'pending', 'ta', 0, 0),
    ('2489fefb-c278-491e-8597-1729079c2b6d', 'School Domain', 'school.example.com', '2023-01-03 17:56:14', false, false, true,  true, false, '', null, false, false, false, 0, 0, false, false, 'pending', 'ta', 0, 0),
    ('ae52ce11-6eb4-43ee-9fdf-5142a3df934f', 'Family Domain', 'family.example.com', '2023-01-04 17:56:15', false, false, true,  true, false, '', null, false, false, false, 0, 0, false, false, 'pending', 'ta', 0, 0),
    ('0272e06c-1568-46c6-b973-e2f1dd5bf3cc', 'Market Domain', 'market.example.com', '2023-01-05 17:56:16', false, true,  false, true, false, '', null, false, false, false, 6, 7, true,  true,  'pending', 'sd', 0, 0),
    ('0aa47b8e-841f-45d5-95ba-3b0c56a702de', 'Police Domain', 'police.example.com', '2023-01-06 17:56:17', false, false, true,  true, false, '', null, false, false, false, 0, 0, false, false, 'pending', 'ta', 0, 0),
    ('ff3a0149-1b90-4bf1-9925-07d92e75f4af', 'Policy Domain', 'policy.example.com', '2023-01-07 17:56:18', false, false, true,  true, false, '', null, false, false, false, 0, 0, false, false, 'pending', 'ta', 0, 0),
    ('ed9395a8-a707-45d4-baef-8121e7db894c', 'Office Domain', 'office.example.com', '2023-01-08 17:56:19', false, false, true,  true, false, '', null, false, false, false, 0, 0, false, false, 'pending', 'ta', 0, 0),
    ('b248cd26-d79c-490d-ab56-6ccedb7a85c0', '',              'person.example.com', '2023-01-09 17:56:20', false, false, true,  true, false, '', null, false, false, false, 0, 0, false, false, 'pending', 'ta', 0, 0),
    ('12555fbd-6845-4562-bcc5-26a3d6142405', 'Health Domain', 'health.example.com', '2023-01-10 17:56:21', false, false, true,  true, true,  'http://localhost:8080/api/e2e/oauth/12555fbd-6845-4562-bcc5-26a3d6142405/sso/noninteractive', null, false, false, false, 0, 0, false, false, 'pending', 'ta', 0, 0),
    ('172be5cc-d1fd-4fb3-9a3b-c3e9b1f73d32', 'Mother Domain', 'mother.example.com', '2023-01-11 17:56:22', false, false, true,  true, false, '', null, false, false, false, 0, 0, false, false, 'pending', 'ta', 0, 0),
    ('990f0eb6-38f3-4afd-9f9b-528828d6b308', 'Period Domain', 'period.example.com', '2023-01-12 17:56:23', false, false, true,  true, false, '', null, false, false, false, 0, 0, false, false, 'pending', 'ta', 0, 0),
    ('d9aa42bf-c7ad-46b1-9529-53df86567b2c', 'Father Domain', 'father.example.com', '2023-01-13 17:56:24', false, false, true,  true, false, '', null, false, false, false, 0, 0, false, false, 'pending', 'ta', 0, 0),
    ('985c145b-0659-47c1-b672-c43cfe5047b1', 'Centre Domain', 'centre.example.com', '2023-01-14 17:56:25', false, false, true,  true, false, '', null, false, false, false, 0, 0, false, false, 'pending', 'ta', 0, 0),
    ('1f3ede50-8223-44d8-89ad-3fd4c57cd64e', 'Effect Domain', 'effect.example.com', '2023-01-15 17:56:26', false, false, true,  true, false, '', null, false, false, false, 0, 0, false, false, 'pending', 'ta', 0, 0),
    ('7b3ee2e7-3fee-4563-9305-176c854809d3', 'Action Domain', 'action.example.com', '2023-01-16 17:56:27', false, false, true,  true, false, '', null, false, false, false, 0, 0, false, false, 'pending', 'ta', 0, 0),
    ('52cb5759-bbbf-4038-ab26-1db1e59b941b', 'Moment Domain', 'moment.example.com', '2023-01-17 17:56:28', false, false, true,  true, false, '', null, false, false, false, 0, 0, false, false, 'pending', 'ta', 0, 0),
    ('b594b045-884b-4c5d-a583-7389e7c8dc8e', '',              'report.example.com', '2023-01-18 17:56:29', false, false, true,  true, false, '', null, false, false, false, 0, 0, false, false, 'pending', 'ta', 0, 0),
    ('fd92d24f-0807-418a-87c4-e0f0d2b0b95d', '',              'church.example.com', '2023-01-19 17:56:30', false, false, true,  true, false, '', null, false, false, false, 0, 0, false, false, 'pending', 'ta', 0, 0),
    ('5da851c3-fe90-4239-83af-3f5f32cf6a1f', '',              'change.example.com', '2023-01-20 17:56:31', false, false, true,  true, false, '', null, false, false, false, 0, 0, false, false, 'pending', 'ta', 0, 0),
    ('d4419e50-7229-4756-a61e-f582f6e04b17', '',              'street.example.com', '2023-01-21 17:56:32', false, false, true,  true, false, '', null, false, false, false, 0, 0, false, false, 'pending', 'ta', 0, 0),
    ('56603812-4aa2-45b9-b4f4-a6295d3826d6', '',              'result.example.com', '2023-01-22 17:56:33', false, false, true,  true, false, '', null, false, false, false, 0, 0, false, false, 'pending', 'ta', 0, 0),
    ('557bfb71-e8c1-477f-83eb-12e26999ea5a', '',              'reason.example.com', '2023-01-23 17:56:34', false, false, true,  true, false, '', null, false, false, false, 0, 0, false, false, 'pending', 'ta', 0, 0),
    ('4b3d4a1b-934a-428b-83d5-1bd01ed8e68b', '',              'nature.example.com', '2023-01-24 17:56:35', false, false, true,  true, false, '', null, false, false, false, 0, 0, false, false, 'pending', 'ta', 0, 0),
    ('428974f7-d881-4896-ba6e-52a9af16c612', '',              'member.example.com', '2023-01-25 17:56:36', false, false, true,  true, false, '', null, false, false, false, 0, 0, false, false, 'pending', 'ta', 0, 0),
    ('a021b32b-6b09-4399-b8e6-d5ba20c8cd53', '',              'figure.example.com', '2023-01-26 17:56:37', false, false, true,  true, false, '', null, false, false, false, 0, 0, false, false, 'pending', 'ta', 0, 0),
    ('087b490c-6105-45fe-bbb7-c26af1779242', '',              'friend.example.com', '2023-01-27 17:56:38', false, false, true,  true, false, '', null, false, false, false, 0, 0, false, false, 'pending', 'ta', 0, 0),
    ('b4a08821-11f6-456b-b5bf-b2b75e4e6784', '',              'amount.example.com', '2023-01-28 17:56:39', false, false, true,  true, false, '', null, false, false, false, 0, 0, false, false, 'pending', 'ta', 0, 0),
    ('d32b638c-30b4-43eb-9ee1-d332e2c74dbb', '',              'series.example.com', '2023-01-29 17:56:40', false, false, true,  true, false, '', null, false, false, false, 0, 0, false, false, 'pending', 'ta', 0, 0),
    ('3659118b-a6d7-41ce-8218-e9976e2199d8', '',              'future.example.com', '2023-01-30 17:56:41', false, false, true,  true, false, '', null, false, false, false, 0, 0, false, false, 'pending', 'ta', 0, 0),
    ('1963fe6e-5a5d-48d0-aac6-0590de6a1949', '',              'labour.example.com', '2023-01-31 17:56:42', false, false, true,  true, false, '', null, false, false, false, 0, 0, false, false, 'pending', 'ta', 0, 0),
    ('b750ca66-844b-434f-8fb9-6fff8ec7afe2', '',              'letter.example.com', '2023-02-01 17:56:43', false, false, true,  true, false, '', null, false, false, false, 0, 0, false, false, 'pending', 'ta', 0, 0),
    ('932410b5-2a90-48c5-af70-e6976a956118', '',              'theory.example.com', '2023-02-02 17:56:44', false, false, true,  true, false, '', null, false, false, false, 0, 0, false, false, 'pending', 'ta', 0, 0),
    ('6dfad19b-3785-4821-956d-25a877d0eb30', '',              'growth.example.com', '2023-02-03 17:56:45', false, false, true,  true, false, '', null, false, false, false, 0, 0, false, false, 'pending', 'ta', 0, 0),
    ('35338874-21d0-4a2a-9cf5-33b67532f676', '',              'chance.example.com', '2023-02-04 17:56:46', false, false, true,  true, false, '', null, false, false, false, 0, 0, false, false, 'pending', 'ta', 0, 0),
    ('b2aaeb80-b612-48cc-b780-6622fed2142e', '',              'record.example.com', '2023-02-05 17:56:47', false, false, true,  true, false, '', null, false, false, false, 0, 0, false, false, 'pending', 'ta', 0, 0),
    ('1b5a5b07-d5c2-45fc-bc0b-156c12916bf7', '',              'energy.example.com', '2023-02-06 17:56:48', false, false, true,  true, false, '', null, false, false, false, 0, 0, false, false, 'pending', 'ta', 0, 0),
    ('9ec8644f-6517-452f-a5d2-18a5b5540210', '',              'income.example.com', '2023-02-07 17:56:49', false, false, true,  true, false, '', null, false, false, false, 0, 0, false, false, 'pending', 'ta', 0, 0),
    ('dacd724d-d0e8-4e0e-93d7-f032109efef3', '',              'scheme.example.com', '2023-02-08 17:56:50', false, false, true,  true, false, '', null, false, false, false, 0, 0, false, false, 'pending', 'ta', 0, 0),
    ('2f7561be-ab77-4701-98be-01afcb874909', '',              'design.example.com', '2023-02-09 17:56:51', false, false, true,  true, false, '', null, false, false, false, 0, 0, false, false, 'pending', 'ta', 0, 0),
    ('d9a07e2c-07b0-42cf-8113-6f00de1d9e49', '',              'choice.example.com', '2023-02-10 17:56:52', false, false, true,  true, false, '', null, false, false, false, 0, 0, false, false, 'pending', 'ta', 0, 0),
    ('2507e99e-7c3d-48b6-bb39-cf037383798d', '',              'couple.example.com', '2023-02-11 17:56:53', false, false, true,  true, false, '', null, false, false, false, 0, 0, false, false, 'pending', 'ta', 0, 0),
    ('8d5ed092-602a-47bb-a357-48c932f5742a', '',              'county.example.com', '2023-02-12 17:56:54', false, false, true,  true, false, '', null, false, false, false, 0, 0, false, false, 'pending', 'ta', 0, 0),
    ('3de7fc93-496e-49bb-9bac-4b9769702ae4', '',              'summer.example.com', '2023-02-13 17:56:55', false, false, true,  true, false, '', null, false, false, false, 0, 0, false, false, 'pending', 'ta', 0, 0),
    ('42c5e874-8b44-4828-98d4-b1c438ceb1d6', '',              'colour.example.com', '2023-02-14 17:56:56', false, false, true,  true, false, '', null, false, false, false, 0, 0, false, false, 'pending', 'ta', 0, 0),
    ('51e80b88-c7ae-4db1-8e13-f1995f58e2f4', '',              'season.example.com', '2023-02-15 17:56:57', false, false, true,  true, false, '', null, false, false, false, 0, 0, false, false, 'pending', 'ta', 0, 0),
    ('0c6bc25d-c792-481a-9110-90a178f49fb1', '',              'garden.example.com', '2023-02-16 17:56:58', false, false, true,  true, false, '', null, false, false, false, 0, 0, false, false, 'pending', 'ta', 0, 0),
    ('227b3e72-9cf6-457c-89cc-45a0ebd47378', '',              'charge.example.com', '2023-02-17 17:56:59', false, false, true,  true, false, '', null, false, false, false, 0, 0, false, false, 'pending', 'ta', 0, 0),
    ('d102e1d1-42b1-4ee0-87ab-2d6ef7a0ae63', '',              'advice.example.com', '2023-02-18 17:57:00', false, false, true,  true, false, '', null, false, false, false, 0, 0, false, false, 'pending', 'ta', 0, 0),
    ('26433311-0e35-48e2-9230-51bcaa688846', '',              'doctor.example.com', '2023-02-19 17:57:01', false, false, true,  true, false, '', null, false, false, false, 0, 0, false, false, 'pending', 'ta', 0, 0),
    ('c549c5b3-1ddc-469d-9502-03127f85d160', '',              'extent.example.com', '2023-02-20 17:57:02', false, false, true,  true, false, '', null, false, false, false, 0, 0, false, false, 'pending', 'ta', 0, 0),
    ('649a7711-7482-490f-a46b-2e98bd495707', '',              'window.example.com', '2023-02-21 17:57:03', false, false, true,  true, false, '', null, false, false, false, 0, 0, false, false, 'pending', 'ta', 0, 0),
    ('79756dc6-4057-481f-a9c2-ae2fa6d9f844', '',              'access.example.com', '2023-02-22 17:57:04', false, false, true,  true, false, '', null, false, false, false, 0, 0, false, false, 'pending', 'ta', 0, 0),
    ('b5c36ab4-d91d-4674-890d-90897fd4ea91', '',              'region.example.com', '2023-02-23 17:57:05', false, false, true,  true, false, '', null, false, false, false, 0, 0, false, false, 'pending', 'ta', 0, 0),
    ('089b2d1b-8128-4b9e-a68b-6b83e1e1971d', '',              'degree.example.com', '2023-02-24 17:57:06', false, false, true,  true, false, '', null, false, false, false, 0, 0, false, false, 'pending', 'ta', 0, 0),
    ('33021271-116d-4a5d-b41a-6e207928d3f5', 'Return Domain', 'return.example.com', '2023-02-25 17:57:07', false, false, true,  true, false, '', null, false, false, false, 0, 0, false, false, 'pending', 'ta', 0, 0),
    ('722df68a-36d1-4faa-a99e-f12382c1ce99', 'Public Domain', 'public.example.com', '2023-02-26 17:57:08', false, false, true,  true, false, '', null, false, false, false, 0, 0, false, false, 'pending', 'ta', 0, 0),
    ('f8304d03-6f56-4bd3-a4a1-59e723c32e4a', 'Answer Domain', 'answer.example.com', '2023-02-27 17:57:09', false, false, true,  true, false, '', null, false, false, false, 0, 0, false, false, 'pending', 'ta', 0, 0),
    ('d9419dfd-d7d3-4921-8b68-24b00b39d2a6', 'Leader Domain', 'leader.example.com', '2023-02-28 17:57:10', false, false, true,  true, false, '', null, false, false, false, 0, 0, false, false, 'pending', 'ta', 0, 0),
    ('a2b7525f-91b9-443e-b6b4-0a6420acf667', 'Appeal Domain', 'appeal.example.com', '2023-03-01 17:57:11', false, false, true,  true, false, '', null, false, false, false, 0, 0, false, false, 'pending', 'ta', 0, 0),
    ('a4e861cf-c0aa-4467-9cd5-3bbf91405971', 'Method Domain', 'method.example.com', '2023-03-02 17:57:12', false, false, true,  true, false, '', null, false, false, false, 0, 0, false, false, 'pending', 'ta', 0, 0),
    ('ef1f2f2e-cc25-4419-859e-4aec353e6174', 'Source Domain', 'source.example.com', '2023-03-03 17:57:13', false, false, true,  true, false, '', null, false, false, false, 0, 0, false, false, 'pending', 'ta', 0, 0),
    ('0227e633-393d-4f55-905b-fbe87955beef', 'Oxford Domain', 'oxford.example.com', '2023-03-04 17:57:14', false, false, true,  true, false, '', null, false, false, false, 0, 0, false, false, 'pending', 'ta', 0, 0),
    ('a2b5a13f-4df4-4abc-8d0b-a861e9206586', '',              'demand.example.com', '2023-03-05 17:57:15', false, false, true,  true, false, '', null, false, false, false, 0, 0, false, false, 'pending', 'ta', 0, 0),
    ('3da5ed4c-af97-4fec-ad14-ef9b03b41c54', '',              'sector.example.com', '2023-03-06 17:57:16', false, false, true,  true, false, '', null, false, false, false, 0, 0, false, false, 'pending', 'ta', 0, 0),
    ('b65231bb-79a8-4103-9df0-6458884b0522', '',              'status.example.com', '2023-03-07 17:57:17', false, false, true,  true, false, '', null, false, false, false, 0, 0, false, false, 'pending', 'ta', 0, 0),
    ('f4e6ef68-4285-4782-9969-896535d0cc8b', '',              'safety.example.com', '2023-03-08 17:57:18', false, false, true,  true, false, '', null, false, false, false, 0, 0, false, false, 'pending', 'ta', 0, 0),
    ('62762d75-d5af-4e9a-b71c-df5225000dbc', '',              'weight.example.com', '2023-03-09 17:57:19', false, false, true,  true, false, '', null, false, false, false, 0, 0, false, false, 'pending', 'ta', 0, 0),
    ('2c5503e1-c2ef-4c8d-9c86-6e4631667ba5', 'League Domain', 'league.example.com', '2023-03-10 17:57:20', false, false, true,  true, false, '', null, false, false, false, 0, 0, false, false, 'pending', 'ta', 0, 0),
    ('f0d0c1de-3b15-44d5-81b9-f59c20032f03', 'Budget Domain', 'budget.example.com', '2023-03-11 17:57:21', false, false, true,  true, false, '', null, false, false, false, 0, 0, false, false, 'pending', 'ta', 0, 0),
    ('b7ce595b-9a0b-49ee-83d1-6b74960e299b', 'Review Domain', 'review.example.com', '2023-03-12 17:57:22', false, false, true,  true, false, '', null, false, false, false, 0, 0, false, false, 'pending', 'ta', 0, 0),
    ('0ae1c3a3-4da3-4336-b65b-16dd4aff074e', 'Minute Domain', 'minute.example.com', '2023-03-13 17:57:23', false, false, true,  true, false, '', null, false, false, false, 0, 0, false, false, 'pending', 'ta', 0, 0),
    ('5e042fb2-93c6-4fd4-a3cb-744e0e835907', 'Survey Domain', 'survey.example.com', '2023-03-14 17:57:24', false, false, true,  true, false, '', null, false, false, false, 0, 0, false, false, 'pending', 'ta', 0, 0),
    ('ffc8a2a3-8a68-46bf-a1b2-29dd1acd25ab', 'Speech Domain', 'speech.example.com', '2023-03-15 17:57:25', false, false, true,  true, false, '', null, false, false, false, 0, 0, false, false, 'pending', 'ta', 0, 0),
    ('a1a80515-8e47-457f-85c0-8d6c049d24c8', 'Effort Domain', 'effort.example.com', '2023-03-16 17:57:26', false, false, true,  true, false, '', null, false, false, false, 0, 0, false, false, 'pending', 'ta', 0, 0),
    ('64cd0315-6d9b-41dc-bf21-fa98e01f319a', 'Career Domain', 'career.example.com', '2023-03-17 17:57:27', false, false, true,  true, false, '', null, false, false, false, 0, 0, false, false, 'pending', 'ta', 0, 0),
    ('db9910fc-a0a4-439d-b950-f0b69e883ecc', '',              'attack.example.com', '2023-03-18 17:57:28', false, false, true,  true, false, '', null, false, false, false, 0, 0, false, false, 'pending', 'ta', 0, 0),
    ('4c9c04cf-8958-46f8-a1ea-0dc0ccd9a89f', '',              'lethal.example.com', '2023-03-19 17:57:29', false, false, true,  true, false, '', null, false, false, false, 0, 0, false, false, 'pending', 'ta', 0, 0),
    ('38b39174-2bb2-4e71-9148-2646eb55ff37', '',              'memory.example.com', '2023-03-20 17:57:30', false, false, true,  true, false, '', null, false, false, false, 0, 0, false, false, 'pending', 'ta', 0, 0),
    ('12a41d7a-a8bd-4e7a-847e-b90a8d22650a', '',              'impact.example.com', '2023-03-21 17:57:31', false, false, true,  true, false, '', null, false, false, false, 0, 0, false, false, 'pending', 'ta', 0, 0),
    ('15606012-e305-455f-9f7d-9d56c202e728', '',              'forest.example.com', '2023-03-22 17:57:32', false, false, true,  true, false, '', null, false, false, false, 0, 0, false, false, 'pending', 'ta', 0, 0),
    ('ca59b914-c819-4502-a579-6b6b3d11cebc', '',              'sister.example.com', '2023-03-23 17:57:33', false, false, true,  true, false, '', null, false, false, false, 0, 0, false, false, 'pending', 'ta', 0, 0),
    ('6d739f9f-47a6-4059-a547-904da1fdd82d', '',              'winter.example.com', '2023-03-24 17:57:34', false, false, true,  true, false, '', null, false, false, false, 0, 0, false, false, 'pending', 'ta', 0, 0),
    ('864919d7-4812-4c70-8d79-4271b69abf71', '',              'corner.example.com', '2023-03-25 17:57:35', false, false, true,  true, false, '', null, false, false, false, 0, 0, false, false, 'pending', 'ta', 0, 0),
    ('5c81bcf6-9c70-426d-88b0-2dbc29c23848', '',              'damage.example.com', '2023-03-26 17:57:36', false, false, true,  true, false, '', null, false, false, false, 0, 0, false, false, 'pending', 'ta', 0, 0),
    ('9508e54e-f86f-4a57-a6c4-a2a0230c4f19', '',              'credit.example.com', '2023-03-27 17:57:37', false, false, true,  true, false, '', null, false, false, false, 0, 0, false, false, 'pending', 'ta', 0, 0),
    ('6d8528b8-82f8-4ad2-b5b6-efba86247890', '',              'debate.example.com', '2023-03-28 17:57:38', false, false, true,  true, false, '', null, false, false, false, 0, 0, false, false, 'pending', 'ta', 0, 0),
    ('3a2ff010-209f-4999-90ae-6bee2720afb7', '',              'supply.example.com', '2023-03-29 17:57:39', false, false, true,  true, false, '', null, false, false, false, 0, 0, false, false, 'pending', 'ta', 0, 0),
    ('82a9f5e7-5d40-4297-bee3-98671ece6ca8', '',              'museum.example.com', '2023-03-30 17:57:40', false, false, true,  true, false, '', null, false, false, false, 0, 0, false, false, 'pending', 'ta', 0, 0),
    ('0c542e15-8ceb-4543-bbe0-f199476b51db', '',              'animal.example.com', '2023-03-31 17:57:41', false, false, true,  true, false, '', null, false, false, false, 0, 0, false, false, 'pending', 'ta', 0, 0),
    ('0a5ccffc-2eb4-4008-8db3-1fb4b177a59f', '',              'island.example.com', '2023-04-01 17:57:42', false, false, true,  true, false, '', null, false, false, false, 0, 0, false, false, 'pending', 'ta', 0, 0),
    ('dce9e1a0-dfeb-497f-88bd-c0ce835aace4', '',              'relief.example.com', '2023-04-02 17:57:43', false, false, true,  true, false, '', null, false, false, false, 0, 0, false, false, 'pending', 'ta', 0, 0),
    ('c61500fb-0b7f-4bc2-8696-6149aa9c1097', '',              'target.example.com', '2023-04-03 17:57:44', false, false, true,  true, false, '', null, false, false, false, 0, 0, false, false, 'pending', 'ta', 0, 0),
    ('6fcb3173-3a00-4aa5-8113-e39767b469a7', '',              'spirit.example.com', '2023-04-04 17:57:45', false, false, true,  true, false, '', null, false, false, false, 0, 0, false, false, 'pending', 'ta', 0, 0),
    ('affa7920-67cc-4f0e-bed5-8c58b1abee5f', '',              'coffee.example.com', '2023-04-05 17:57:46', false, false, true,  true, false, '', null, false, false, false, 0, 0, false, false, 'pending', 'ta', 0, 0),
    ('6c1be150-ea21-4ffd-b6ca-c18981d7d6eb', '',              'factor.example.com', '2023-04-06 17:57:47', false, false, true,  true, false, '', null, false, false, false, 3, 5, false, false, 'pending', 'ta', 7, 19238102),
    ('c03b9b58-b2bb-4942-adca-168e7d812d8c', '',              'battle.example.com', '2023-04-07 17:57:48', false, false, true,  true, false, '', null, false, false, false, 0, 0, false, false, 'pending', 'ta', 0, 0),
    ('84a766a2-7154-4d7f-8307-20ec9df4fc68', '',              'prison.example.com', '2023-04-08 17:57:49', false, false, true,  true, false, '', null, false, false, false, 0, 0, false, false, 'pending', 'ta', 0, 0),
    ('828f1362-37ae-4c8f-83e7-84801f84b6a8', '',              'bridge.example.com', '2023-04-09 17:57:50', false, false, true,  true, false, '', null, false, false, false, 0, 0, false, false, 'pending', 'ta', 0, 0);

insert into cm_domains_idps (domain_id, fed_idp_id)
values
    ('3bcdd9c0-5e9b-4724-9d87-8c520fb2b5c2', 'facebook'),
    ('3bcdd9c0-5e9b-4724-9d87-8c520fb2b5c2', 'gitlab'),
    ('3bcdd9c0-5e9b-4724-9d87-8c520fb2b5c2', 'github'),
    ('3bcdd9c0-5e9b-4724-9d87-8c520fb2b5c2', 'google'),
    ('3bcdd9c0-5e9b-4724-9d87-8c520fb2b5c2', 'linkedin'),
    ('3bcdd9c0-5e9b-4724-9d87-8c520fb2b5c2', 'twitter');

insert into cm_domains_users (domain_id, user_id, is_owner, is_moderator, is_commenter, notify_replies, notify_moderator, ts_created)
values
    ('3bcdd9c0-5e9b-4724-9d87-8c520fb2b5c2', '5787eece-7aa3-44d7-bbba-51866edc4867', true,  true,  true,  true, true, SEED_NOW('-1000000810 seconds')),
    ('6c1be150-ea21-4ffd-b6ca-c18981d7d6eb', '2af9ecd2-a32a-4332-8717-396e9af28639', true,  true,  true,  true, true, SEED_NOW('-300000800 seconds')),
    ('3bcdd9c0-5e9b-4724-9d87-8c520fb2b5c2', '2af9ecd2-a32a-4332-8717-396e9af28639', false, true,  true,  true, true, SEED_NOW('-300000790 seconds')),
    ('0272e06c-1568-46c6-b973-e2f1dd5bf3cc', '2af9ecd2-a32a-4332-8717-396e9af28639', false, false, true,  true, true, SEED_NOW('-300000780 seconds')),
    ('6fcb3173-3a00-4aa5-8113-e39767b469a7', '2af9ecd2-a32a-4332-8717-396e9af28639', false, false, false, true, true, SEED_NOW('-200000770 seconds')),
    ('3bcdd9c0-5e9b-4724-9d87-8c520fb2b5c2', '98732142-bc83-48e0-be92-f6dbd6976702', false, true,  true,  true, true, SEED_NOW('-100000760 seconds')),
    ('3bcdd9c0-5e9b-4724-9d87-8c520fb2b5c2', '2d01d8dd-0bb1-4281-850e-e943b9f8128a', false, true,  true,  true, true, SEED_NOW('-100000750 seconds')),
    ('3bcdd9c0-5e9b-4724-9d87-8c520fb2b5c2', '61e2ccdb-4c2f-4b48-9527-fb8443e01a6f', false, false, true,  true, true, SEED_NOW('-100000740 seconds')),
    ('3bcdd9c0-5e9b-4724-9d87-8c520fb2b5c2', 'a7ab1d55-cfaa-4f26-a1a6-88cc4c6ce96d', false, false, false, true, true, SEED_NOW('-100000730 seconds'));

insert into cm_domain_pages (id, domain_id, path, title, is_readonly, ts_created, count_comments, count_views)
values
    ('0ebb8a1b-12f6-421e-b1bb-75867ac480c7', '3bcdd9c0-5e9b-4724-9d87-8c520fb2b5c2', '/',           'Home',              false, SEED_NOW('-2100000150 seconds'), 17, 10),
    ('0ebb8a1b-12f6-421e-b1bb-75867ac480c6', '3bcdd9c0-5e9b-4724-9d87-8c520fb2b5c2', '/comments/',  'Comments',          false, SEED_NOW('-2100000200 seconds'), 0, 0),
    ('0ebb8a1b-12f6-421e-b1bb-75867ac480c9', '3bcdd9c0-5e9b-4724-9d87-8c520fb2b5c2', '/nocomment/', 'No comment',        false, SEED_NOW('-2100000100 seconds'), 0, 2),
    ('0ebb8a1b-12f6-421e-b1bb-75867ac480c8', '3bcdd9c0-5e9b-4724-9d87-8c520fb2b5c2', '/readonly/',  'Readonly page',     true,  SEED_NOW('-1800000200 seconds'), 0, 42),
    ('0ebb8a1b-12f6-421e-b1bb-75867ac480ca', '3bcdd9c0-5e9b-4724-9d87-8c520fb2b5c2', '/page/with/a/very/long/path/that/will/definitely/have/to/be/wrapped/on/display/to/make/it/a/bit/usable.html?some_even_more_long_param=long_boring_value_3457290346493563584693847569723456987245869&foo=bar&buzz=238974592875469782&bux=whatever-28973423498765987249586729847569275469874578969234756938745697834569782349567824596879432756924578692874569234865', '', false, SEED_NOW('-1800000100 seconds'), 0, 0),
    ('0ebb8a1b-12f6-421e-b1bb-75867ac480cb', '3bcdd9c0-5e9b-4724-9d87-8c520fb2b5c2', '/double/',    'Double Comentario', false, SEED_NOW('-180000050 seconds'), 2, 0),
    ('0ebb8a1b-12f6-421e-b1bb-75867ac480cc', '3bcdd9c0-5e9b-4724-9d87-8c520fb2b5c2', '/dynamic/',   'Dynamic insertion', false, SEED_NOW('-17 days'), 1, 4),
    -- Attributes
    ('0ebb8a1b-12f6-421e-b1bb-75867ac4a000', '3bcdd9c0-5e9b-4724-9d87-8c520fb2b5c2', '/attr/auto-init/',          'Attribute: auto-init=false',    false, SEED_NOW('-180000030 seconds'), 2, 0),
    ('0ebb8a1b-12f6-421e-b1bb-75867ac4a001', '3bcdd9c0-5e9b-4724-9d87-8c520fb2b5c2', '/attr/no-fonts/',           'Attribute: no-fonts=true',      false, SEED_NOW('-16 days'), 2, 0),
    ('0ebb8a1b-12f6-421e-b1bb-75867ac4a002', '3bcdd9c0-5e9b-4724-9d87-8c520fb2b5c2', '/attr/css-override/',       'Attribute: css-override',       false, SEED_NOW('-15 days'), 2, 0),
    ('0ebb8a1b-12f6-421e-b1bb-75867ac4a003', '3bcdd9c0-5e9b-4724-9d87-8c520fb2b5c2', '/attr/css-override-false/', 'Attribute: css-override=false', false, SEED_NOW('-14 days'), 2, 0),
    ('0ebb8a1b-12f6-421e-b1bb-75867ac4a004', '3bcdd9c0-5e9b-4724-9d87-8c520fb2b5c2', '/different-page/123',       'Attribute: page-id',            false, SEED_NOW('-13 days'), 2, 0),
    ('0ebb8a1b-12f6-421e-b1bb-75867ac4a005', '3bcdd9c0-5e9b-4724-9d87-8c520fb2b5c2', '/attr/max-level/',          'Attribute: max-level=2',        false, SEED_NOW('-12 days'), 6, 0),

    -- Frozen domain
    ('f8a735d9-e9bb-468f-9d00-72849842cc15', '4d7affab-4db7-4521-aea2-9451e158d642', '/frozen/', 'Frozen', false, SEED_NOW('-11 days'), 0, 0),

    -- Another domain
    ('0ebb8a1b-12f6-421e-b1bb-75867ac48010', '6c1be150-ea21-4ffd-b6ca-c18981d7d6eb', '/blog/post/0014', 'On the subject of drunken jokes', false, SEED_NOW('-10 days'), 6, 15),
    ('0ebb8a1b-12f6-421e-b1bb-75867ac48011', '6c1be150-ea21-4ffd-b6ca-c18981d7d6eb', '/blog/post/0067', 'Does patience ever pay off?', false, SEED_NOW('-6 days'), 0, 76182),
    ('0ebb8a1b-12f6-421e-b1bb-75867ac48012', '6c1be150-ea21-4ffd-b6ca-c18981d7d6eb', '/blog/post/0215', 'Very boring post about something with such a long title that it will hardly ever be entirely visible', false, SEED_NOW('-2 days'), 0, 2);

insert into cm_comments (id, parent_id, page_id, markdown, html, score, is_sticky, is_approved, is_pending, is_deleted, ts_created, ts_moderated, ts_deleted, user_created, user_moderated, user_deleted, pending_reason)
values
    -- Home page
    ('ef81dbe5-22f6-4d90-958f-834e6f2cdc63', null,                                   '0ebb8a1b-12f6-421e-b1bb-75867ac480c7', 'Alright crew, let''s gather around for a quick meeting. We''ve got a **long** voyage ahead of us, and I want to make sure everyone is on the same page.', '<p>Alright crew, let&#39;s gather around for a quick meeting. We&#39;ve got a <b>long</b> voyage ahead of us, and I want to make sure everyone is on the same page.</p>', 8, false, true, false, false, SEED_NOW('-13488 seconds'), SEED_NOW('-13488 seconds'), null, '5787eece-7aa3-44d7-bbba-51866edc4867', '5787eece-7aa3-44d7-bbba-51866edc4867', null, ''),
    ('40330ddf-13de-4921-b123-7a32057988cd', 'ef81dbe5-22f6-4d90-958f-834e6f2cdc63', '0ebb8a1b-12f6-421e-b1bb-75867ac480c7', 'What''s on the agenda, captain?', '<p>What&#39;s on the agenda, captain?</p>', 0, false, true, false, false, SEED_NOW('-9670 seconds'), SEED_NOW('-9670 seconds'), null, '2af9ecd2-a32a-4332-8717-396e9af28639', '2af9ecd2-a32a-4332-8717-396e9af28639', null, ''),
    ('788c0b17-a922-4c2d-816b-98def34a0008', '40330ddf-13de-4921-b123-7a32057988cd', '0ebb8a1b-12f6-421e-b1bb-75867ac480c7', 'First off, we need to make sure the engine is in good working order. Any issues we need to address, *engineer*?', '<p>First off, we need to make sure the engine is in good working order. Any issues we need to address, <em>engineer</em>?</p>', 0, false, true, false, false, SEED_NOW('-9660 seconds'), SEED_NOW('-9660 seconds'), null, '5787eece-7aa3-44d7-bbba-51866edc4867', '5787eece-7aa3-44d7-bbba-51866edc4867', null, ''),
    ('82acadba-3e77-4bcd-a366-78c7ff56c3b9', '788c0b17-a922-4c2d-816b-98def34a0008', '0ebb8a1b-12f6-421e-b1bb-75867ac480c7', 'Nothing major, captain. Just some routine maintenance to do, but we should be good to go soon.', '<p>Nothing major, captain. Just some routine maintenance to do, but we should be good to go soon.</p>', 0, false, true, false, false, SEED_NOW('-9650 seconds'), SEED_NOW('-9650 seconds'), null, '2af9ecd2-a32a-4332-8717-396e9af28639', '2af9ecd2-a32a-4332-8717-396e9af28639', null, ''),
    ('e8331f48-516d-45fc-80a1-d1b2d5a21d08', '64fb0078-92c8-419d-98ec-7f22c270ef3a', '0ebb8a1b-12f6-421e-b1bb-75867ac480c7', 'Good work, navigator. That''s what I was thinking too.', '<p>Good work, navigator. That&#39;s what I was thinking too.</p>', 0, false, true, false, false, SEED_NOW('-9640 seconds'), SEED_NOW('-9640 seconds'), null, '5787eece-7aa3-44d7-bbba-51866edc4867', '5787eece-7aa3-44d7-bbba-51866edc4867', null, ''),
    ('9a93d7bd-80cb-49bd-8dc1-67326df6fcaf', '40330ddf-13de-4921-b123-7a32057988cd', '0ebb8a1b-12f6-421e-b1bb-75867ac480c7', 'What about supplies, cook?', '<p>What about supplies, cook?</p>', 0, false, true, false, false, SEED_NOW('-9630 seconds'), SEED_NOW('-9630 seconds'), null, '5787eece-7aa3-44d7-bbba-51866edc4867', '5787eece-7aa3-44d7-bbba-51866edc4867', null, ''),
    ('4922acc5-0330-4d1a-8092-ca7c67536b08', 'da05d978-9218-4263-886e-542068251787', '0ebb8a1b-12f6-421e-b1bb-75867ac480c7', 'Absolutely, cook. I''ll make a note of it.', '<p>Absolutely, cook. I&#39;ll make a note of it.</p>', 0, false, true, false, false, SEED_NOW('-9620 seconds'), SEED_NOW('-9620 seconds'), null, '5787eece-7aa3-44d7-bbba-51866edc4867', '5787eece-7aa3-44d7-bbba-51866edc4867', null, ''),
    ('bc460a63-f256-47e3-8915-3931acad132a', null,                                   '0ebb8a1b-12f6-421e-b1bb-75867ac480c7', 'Now, is there anything else anyone wants to bring up?', '<p>Now, is there anything else anyone wants to bring up?</p>', 0, false, true, false, false, SEED_NOW('-9610 seconds'), SEED_NOW('-9610 seconds'), null, '5787eece-7aa3-44d7-bbba-51866edc4867', '5787eece-7aa3-44d7-bbba-51866edc4867', null, ''),
    ('5f066198-03ab-41f8-bd80-c4efaeafd153', 'bc460a63-f256-47e3-8915-3931acad132a', '0ebb8a1b-12f6-421e-b1bb-75867ac480c7', 'Captain, I''ve been noticing some strange vibrations in the engine room. It''s nothing too serious, but I''d like to take a look at it just to be safe.', '<p>Captain, I&#39;ve been noticing some strange vibrations in the engine room. It&#39;s nothing too serious, but I&#39;d like to take a look at it just to be safe.</p>', 0, false, true, false, false, SEED_NOW('-9600 seconds'), SEED_NOW('-9600 seconds'), null, '2af9ecd2-a32a-4332-8717-396e9af28639', '2af9ecd2-a32a-4332-8717-396e9af28639', null, ''),
    ('72314bae-a05d-4551-91df-270802e6b003', 'cb057a9b-e293-4e15-bdb9-c11880cb53bf', '0ebb8a1b-12f6-421e-b1bb-75867ac480c7', 'Good point, navigator. I''ll make sure our crew is well-armed and that we have extra lookouts posted. Safety is our top priority, after all.', '<p>Good point, navigator. I&#39;ll make sure our crew is well-armed and that we have extra lookouts posted. Safety is our top priority, after all.</p>', 0, false, true, false, false, SEED_NOW('-9590 seconds'), SEED_NOW('-9590 seconds'), null, '5787eece-7aa3-44d7-bbba-51866edc4867', '5787eece-7aa3-44d7-bbba-51866edc4867', null, ''),
    ('069f98da-bbc5-40ad-8c91-e8a089288ecb', '8f31a61b-e1e6-4090-a426-52ce91a5181b', '0ebb8a1b-12f6-421e-b1bb-75867ac480c7', 'Let''s hope it doesn''t come to that, cook. But it''s good to know we have you on our side. Alright, everyone, let''s get to work. We''ve got a long journey ahead of us!', '<p>Let&#39;s hope it doesn&#39;t come to that, cook. But it&#39;s good to know we have you on our side.</p><p>Alright, everyone, let&#39;s get to work. We&#39;ve got a long journey ahead of us!</p>', 0, false, true, false, false, SEED_NOW('-9580 seconds'), SEED_NOW('-9580 seconds'), null, '5787eece-7aa3-44d7-bbba-51866edc4867', '5787eece-7aa3-44d7-bbba-51866edc4867', null, ''),
    ('00e7320a-ecb4-44f4-84ca-ffc2f8c62729', '5f066198-03ab-41f8-bd80-c4efaeafd153', '0ebb8a1b-12f6-421e-b1bb-75867ac480c7', 'Alright, engineer. Let''s schedule a time for you to do a full inspection. I want to make sure everything is shipshape before we set sail.', '<p>Alright, engineer. Let&#39;s schedule a time for you to do a full inspection. I want to make sure everything is shipshape before we set sail.</p>', 2, false, true, false, false, SEED_NOW('-9560 seconds'), SEED_NOW('-9560 seconds'), null, '5787eece-7aa3-44d7-bbba-51866edc4867', '5787eece-7aa3-44d7-bbba-51866edc4867', null, ''),
    ('da05d978-9218-4263-886e-542068251787', '9a93d7bd-80cb-49bd-8dc1-67326df6fcaf', '0ebb8a1b-12f6-421e-b1bb-75867ac480c7', 'We''ve got enough food 🍖 and water 🚰 to last us for the whole journey, captain. But I do have a request. Could we get some fresh vegetables 🥕🥔🍅 and fruit 🍎🍐🍌 at our next port stop? It''ll help us avoid scurvy.', '<p>We&#39;ve got enough food 🍖 and water 🚰 to last us for the whole journey, captain. But I do have a request. Could we get some fresh vegetables 🥕🥔🍅 and fruit 🍎🍐🍌 at our next port stop? It&#39;ll help us avoid scurvy.</p>', 4, false, true, false, false, SEED_NOW('-9550 seconds'), SEED_NOW('-9550 seconds'), null, '98732142-bc83-48e0-be92-f6dbd6976702', '98732142-bc83-48e0-be92-f6dbd6976702', null, ''),
    ('cb057a9b-e293-4e15-bdb9-c11880cb53bf', 'bc460a63-f256-47e3-8915-3931acad132a', '0ebb8a1b-12f6-421e-b1bb-75867ac480c7', '**Captain**, one more thing. We''ll be passing through some pirate-infested waters soon. Should we be concerned?', '<p><strong>Captain</strong>, one more thing. We&#39;ll be passing through some pirate-infested waters soon. Should we be concerned?</p>', -2, false, true, false, false, SEED_NOW('-9540 seconds'), SEED_NOW('-9540 seconds'), null, '2d01d8dd-0bb1-4281-850e-e943b9f8128a', '2d01d8dd-0bb1-4281-850e-e943b9f8128a', null, ''),
    ('8f31a61b-e1e6-4090-a426-52ce91a5181b', '72314bae-a05d-4551-91df-270802e6b003', '0ebb8a1b-12f6-421e-b1bb-75867ac480c7', 'I can whip up some extra spicy food to make sure any pirates who try to board us get a taste of their own medicine! 🤣', '<p>I can whip up some extra spicy food to make sure any pirates who try to board us get a taste of their own medicine! 🤣</p>', 6, false, true, false, false, SEED_NOW('-9530 seconds'), SEED_NOW('-9530 seconds'), null, '98732142-bc83-48e0-be92-f6dbd6976702', '98732142-bc83-48e0-be92-f6dbd6976702', null, ''),
    ('64fb0078-92c8-419d-98ec-7f22c270ef3a', '788c0b17-a922-4c2d-816b-98def34a0008', '0ebb8a1b-12f6-421e-b1bb-75867ac480c7', 'Captain, I''ve plotted our course, and I suggest we take the eastern route. It''ll take us a bit longer, but we''ll avoid any bad weather.', '<p>Captain, I&#39;ve plotted our course, and I suggest we take the eastern route. It&#39;ll take us a bit longer, but we&#39;ll avoid any bad weather.</p>', 4, false, true, false, false, SEED_NOW('-9520 seconds'), SEED_NOW('-9520 seconds'), null, '61e2ccdb-4c2f-4b48-9527-fb8443e01a6f', '61e2ccdb-4c2f-4b48-9527-fb8443e01a6f', null, ''),
    -- Comments page
    ('0b5e258b-ecc6-4a9c-9f31-f775d88a258b', null,                                   '0ebb8a1b-12f6-421e-b1bb-75867ac480c6', 'This is a **root**, sticky comment', '<p>This is a <b>root</b>, sticky comment</p>', 0, true, true, false, false, SEED_NOW('-10900 seconds'), null, null, '00000000-0000-0000-0000-000000000000', null, null, ''),
    -- Double Comentario page
    ('7fbec006-b484-4372-b6db-f01177ee1dfa', null,                                   '0ebb8a1b-12f6-421e-b1bb-75867ac480cb', 'Doubling down', '<p>Doubling down</p>', 1, false, true, false, false, SEED_NOW('-10890 seconds'), null, null, '5787eece-7aa3-44d7-bbba-51866edc4867', null, null, ''),
    ('f08639de-ab7b-4032-bdce-a021bf07e596', '7fbec006-b484-4372-b6db-f01177ee1dfa', '0ebb8a1b-12f6-421e-b1bb-75867ac480cb', 'Children double, too', '<p>Children double, too</p>', 2, false, true, false, false, SEED_NOW('-10889 seconds'), null, null, '61e2ccdb-4c2f-4b48-9527-fb8443e01a6f', null, null, ''),
    -- Dynamic insertion page
    ('7a803058-8a80-4e64-96f3-bb1e881597c4', null,                                   '0ebb8a1b-12f6-421e-b1bb-75867ac480cc', 'I am dynamic 🚀', '<p>I am dynamic 🚀</p>', 65, true, true, false, false, SEED_NOW('-10880 seconds'), null, null, '5787eece-7aa3-44d7-bbba-51866edc4867', null, null, ''),
    ('5c3ed3a3-d1a9-484c-b2c5-b81904700b86', '7a803058-8a80-4e64-96f3-bb1e881597c4', '0ebb8a1b-12f6-421e-b1bb-75867ac480cc', 'Phishy reply', '<p>Phishy reply</p>', 0, false, false, true, false, SEED_NOW('-10879 seconds'), null, null, '00000000-0000-0000-0000-000000000000', null, null, 'Something is fishy here'),
    ('c5010e77-b6f2-454c-87ee-c6ee21a20431', '7a803058-8a80-4e64-96f3-bb1e881597c4', '0ebb8a1b-12f6-421e-b1bb-75867ac480cc', 'Rejected reply', '<p>Rejected reply</p>', 0, false, false, false, false, SEED_NOW('-10878 seconds'), null, null, '00000000-0000-0000-0000-000000000000', null, null, ''),
    ('59c63423-6671-4e62-97da-aca6d35a79db', '7a803058-8a80-4e64-96f3-bb1e881597c4', '0ebb8a1b-12f6-421e-b1bb-75867ac480cc', '', '', 0, false, false, false, true, SEED_NOW('-10877 seconds'), null, null, '00000000-0000-0000-0000-000000000000', null, null, ''),
    -- Attributes: auto-init page
    ('80422207-7bea-4f56-9f07-01736306d544', null,                                   '0ebb8a1b-12f6-421e-b1bb-75867ac4a000', 'Auto-init OK', '<p>Auto-init OK</p>', 3, true, true, false, false, SEED_NOW('-10870 seconds'), null, null, '5787eece-7aa3-44d7-bbba-51866edc4867', null, null, ''),
    ('cbbaf220-6cc4-4160-af43-9fdd6f2ec6fe', '80422207-7bea-4f56-9f07-01736306d544', '0ebb8a1b-12f6-421e-b1bb-75867ac4a000', 'Auto-init child', '<p>Auto-init child</p>', 0, false, true, false, false, SEED_NOW('-10869 seconds'), null, null, 'a7ab1d55-cfaa-4f26-a1a6-88cc4c6ce96d', null, null, ''),
    -- Attributes: no-fonts page
    ('69adf987-caec-4ad5-ae86-82c8f607d17a', null,                                   '0ebb8a1b-12f6-421e-b1bb-75867ac4a001', 'No root font for comments', '<p>No root font for comments</p>', 0, false, true, false, false, SEED_NOW('-10860 seconds'), null, null, '5787eece-7aa3-44d7-bbba-51866edc4867', null, null, ''),
    ('29f0a6d8-267e-4ac7-9dac-af0a39ceb1bd', '69adf987-caec-4ad5-ae86-82c8f607d17a', '0ebb8a1b-12f6-421e-b1bb-75867ac4a001', 'No root font child', '<p>No root font child</p>', 0, false, true, false, false, SEED_NOW('-10859 seconds'), null, null, '00000000-0000-0000-0000-000000000000', null, null, ''),
    -- Attributes: css-override page
    ('a3df5e05-ba17-4fba-be29-e53dba42ecb5', null,                                   '0ebb8a1b-12f6-421e-b1bb-75867ac4a002', 'CSS override with crazy colours', '<p>CSS override with crazy colours</p>', 0, false, true, false, false, SEED_NOW('-10850 seconds'), null, null, '5787eece-7aa3-44d7-bbba-51866edc4867', null, null, ''),
    ('092b0623-10c4-4ad0-9465-b618943425e5', 'a3df5e05-ba17-4fba-be29-e53dba42ecb5', '0ebb8a1b-12f6-421e-b1bb-75867ac4a002', 'CSS override child', '<p>CSS override child</p>', 0, false, true, false, false, SEED_NOW('-10849 seconds'), null, null, '00000000-0000-0000-0000-000000000000', null, null, ''),
    -- Attributes: css-override=false page
    ('0cefafcd-070f-442d-99c6-7b794477489f', null,                                   '0ebb8a1b-12f6-421e-b1bb-75867ac4a003', 'CSS override disabled', '<p>CSS override disabled</p>', 0, false, true, false, false, SEED_NOW('-10840 seconds'), null, null, '5787eece-7aa3-44d7-bbba-51866edc4867', null, null, ''),
    ('7cffd785-f5c5-4464-bf2c-b33997834e4f', '0cefafcd-070f-442d-99c6-7b794477489f', '0ebb8a1b-12f6-421e-b1bb-75867ac4a003', 'CSS override disabled child', '<p>CSS override disabled child</p>', 0, false, true, false, false, SEED_NOW('-10839 seconds'), null, null, '00000000-0000-0000-0000-000000000000', null, null, ''),
    -- Attributes: page-id page
    ('1b0398b7-b3c4-422e-a04a-a38efce9c8be', null,                                   '0ebb8a1b-12f6-421e-b1bb-75867ac4a004', 'The path of this page is set to `/different-page/123`', '<p>The path of this page is set to <code>/different-page/123</code></p>', 0, false, true, false, false, SEED_NOW('-10830 seconds'), null, null, '5787eece-7aa3-44d7-bbba-51866edc4867', null, null, ''),
    ('30ada0fc-d813-4dea-853e-3276052725eb', '1b0398b7-b3c4-422e-a04a-a38efce9c8be', '0ebb8a1b-12f6-421e-b1bb-75867ac4a004', 'Path override child', '<p>Path override child</p>', 0, false, true, false, false, SEED_NOW('-10829 seconds'), null, null, '00000000-0000-0000-0000-000000000000', null, null, ''),
    -- Attributes: max-level=2 page
    ('c7998a8b-408c-4dbe-9c1b-c422a74e4fcb', null,                                   '0ebb8a1b-12f6-421e-b1bb-75867ac4a005', 'Root level comment', '<p>Root level comment</p>', 0, false, true, false, false, SEED_NOW('-10820 seconds'), null, null, '5787eece-7aa3-44d7-bbba-51866edc4867', null, null, ''),
    ('721870c6-64e1-4f51-9500-92e2bb8250d0', 'c7998a8b-408c-4dbe-9c1b-c422a74e4fcb', '0ebb8a1b-12f6-421e-b1bb-75867ac4a005', '2nd level comment',  '<p>2nd level comment</p>',  0, false, true, false, false, SEED_NOW('-10819 seconds'), null, null, '2af9ecd2-a32a-4332-8717-396e9af28639', null, null, ''),
    ('1a29d310-8b6b-4cb2-bcaf-5e3346d1aaeb', '721870c6-64e1-4f51-9500-92e2bb8250d0', '0ebb8a1b-12f6-421e-b1bb-75867ac4a005', '3rd level comment',  '<p>3rd level comment</p>',  0, false, true, false, false, SEED_NOW('-10818 seconds'), null, null, '98732142-bc83-48e0-be92-f6dbd6976702', null, null, ''),
    ('56b2b226-840d-4189-996c-f2c6cbc86a5b', '1a29d310-8b6b-4cb2-bcaf-5e3346d1aaeb', '0ebb8a1b-12f6-421e-b1bb-75867ac4a005', '4th level comment',  '<p>4th level comment</p>',  0, false, true, false, false, SEED_NOW('-10817 seconds'), null, null, '2d01d8dd-0bb1-4281-850e-e943b9f8128a', null, null, ''),
    ('973c1c1e-bfcd-435c-bb35-ad496dd04d81', '56b2b226-840d-4189-996c-f2c6cbc86a5b', '0ebb8a1b-12f6-421e-b1bb-75867ac4a005', '5th level comment',  '<p>5th level comment</p>',  0, false, true, false, false, SEED_NOW('-10816 seconds'), null, null, '00000000-0000-0000-0000-000000000000', null, null, ''),
    ('13b2c933-822c-4308-956a-a1943a64d157', '973c1c1e-bfcd-435c-bb35-ad496dd04d81', '0ebb8a1b-12f6-421e-b1bb-75867ac4a005', '6th level comment',  '<p>6th level comment</p>',  0, false, true, false, false, SEED_NOW('-10815 seconds'), null, null, '61e2ccdb-4c2f-4b48-9527-fb8443e01a6f', null, null, ''),

    -- Frozen domain
    ('bc2a1ba4-b996-47a7-9225-e023e0a655ac', null,                                   'f8a735d9-e9bb-468f-9d00-72849842cc15', 'Brrrr so cold out here ❄❄❄', '<p>Brrrr so cold out here ❄❄❄</p>', 0, false, true, false, false, SEED_NOW('-10500 seconds'), null, null, '00000000-0000-0000-0000-000000000000', null, null, '');

insert into cm_comment_votes (comment_id, user_id, negative, ts_voted)
values
    ('64fb0078-92c8-419d-98ec-7f22c270ef3a', '5787eece-7aa3-44d7-bbba-51866edc4867', false, '2023-02-27 18:40:09.569962'),
    ('8f31a61b-e1e6-4090-a426-52ce91a5181b', '5787eece-7aa3-44d7-bbba-51866edc4867', false, '2023-02-27 18:39:45.074171'),
    ('cb057a9b-e293-4e15-bdb9-c11880cb53bf', '5787eece-7aa3-44d7-bbba-51866edc4867', true,  '2023-02-27 18:40:20.406853'),
    ('da05d978-9218-4263-886e-542068251787', '5787eece-7aa3-44d7-bbba-51866edc4867', false, '2023-02-27 18:40:04.176863'),
    ('ef81dbe5-22f6-4d90-958f-834e6f2cdc63', '2af9ecd2-a32a-4332-8717-396e9af28639', false, '2023-02-27 18:38:15.842977'),
    ('ef81dbe5-22f6-4d90-958f-834e6f2cdc63', '98732142-bc83-48e0-be92-f6dbd6976702', false, '2023-02-27 18:38:03.542483'),
    ('64fb0078-92c8-419d-98ec-7f22c270ef3a', '2d01d8dd-0bb1-4281-850e-e943b9f8128a', false, '2023-02-27 18:40:45.479813'),
    ('8f31a61b-e1e6-4090-a426-52ce91a5181b', '2d01d8dd-0bb1-4281-850e-e943b9f8128a', false, '2023-02-27 18:40:31.890010'),
    ('ef81dbe5-22f6-4d90-958f-834e6f2cdc63', '2d01d8dd-0bb1-4281-850e-e943b9f8128a', false, '2023-02-27 18:38:24.880867'),
    ('8f31a61b-e1e6-4090-a426-52ce91a5181b', '61e2ccdb-4c2f-4b48-9527-fb8443e01a6f', false, '2023-02-27 18:39:26.023446'),
    ('da05d978-9218-4263-886e-542068251787', '61e2ccdb-4c2f-4b48-9527-fb8443e01a6f', false, '2023-02-27 18:39:23.238001'),
    ('00e7320a-ecb4-44f4-84ca-ffc2f8c62729', '61e2ccdb-4c2f-4b48-9527-fb8443e01a6f', false, '2023-02-27 18:39:30.894800'),
    ('ef81dbe5-22f6-4d90-958f-834e6f2cdc63', '61e2ccdb-4c2f-4b48-9527-fb8443e01a6f', false, '2023-02-27 18:39:20.157638');

insert into cm_user_avatars (user_id, ts_updated, is_custom, avatar_s, avatar_m, avatar_l)
values
    ('5787eece-7aa3-44d7-bbba-51866edc4867', '2023-07-15 19:18:31.052044', true,
        SEED_BINARY('FFD8FFDB0084000201010101010201010102020202020403020202020504040304060506060605060606070908060709070606080B08090A0A0A0A0A06080B0C0B0A0C090A0A0A01020202020202050303050A0706070A0A0A0A0A0A0A0A0A0A0A0A0A0A0A0A0A0A0A0A0A0A0A0A0A0A0A0A0A0A0A0A0A0A0A0A0A0A0A0A0A0A0A0A0A0A0A0A0A0AFFC00011080010001003012200021101031101FFC401A20000010501010101010100000000000000000102030405060708090A0B100002010303020403050504040000017D01020300041105122131410613516107227114328191A1082342B1C11552D1F02433627282090A161718191A25262728292A3435363738393A434445464748494A535455565758595A636465666768696A737475767778797A838485868788898A92939495969798999AA2A3A4A5A6A7A8A9AAB2B3B4B5B6B7B8B9BAC2C3C4C5C6C7C8C9CAD2D3D4D5D6D7D8D9DAE1E2E3E4E5E6E7E8E9EAF1F2F3F4F5F6F7F8F9FA0100030101010101010101010000000000000102030405060708090A0B1100020102040403040705040400010277000102031104052131061241510761711322328108144291A1B1C109233352F0156272D10A162434E125F11718191A262728292A35363738393A434445464748494A535455565758595A636465666768696A737475767778797A82838485868788898A92939495969798999AA2A3A4A5A6A7A8A9AAB2B3B4B5B6B7B8B9BAC2C3C4C5C6C7C8C9CAD2D3D4D5D6D7D8D9DAE2E3E4E5E6E7E8E9EAF2F3F4F5F6F7F8F9FAFFDA000C03010002110311003F00FD2AFDA77F6A1F8909A8C177E11D2FC2F76BA8EB1FD9FA5C3E34BCB88B4CB08C4534BE7CA96ECAD3CAC21DAA8580CC9D46DE4FD98BF6A1F890FA8CF77E2ED2FC2F68BA76B1FD9FAAC3E0BBCB8974CBF8CC50CBE7C4970CCD04AA26DAC8188CC7D4EEE3E50FF82BBFC56F8ADFB33FC5A4F83FF147F6506F107C0DD6161B8BAF1898279DAEC82D2F930BC2EAB65730CAB16C6721C95DC9C1187FFC1237E287C59FDA4FE2C7FC2A1F863FB281F0FF00C0DD2E29AEECBC62B14F0B5A6E6127933BCCECB797534A65DE5499016DEFC0C9EC74AAACDFDAFB4FF66E4B72E9F177DF7F95EFD3A9F39797F61FB3F65FEDBED6FCF7D793EEB5AFA5AFB75B687FFFD9'),
        SEED_BINARY('FFD8FFDB0084000201010101010201010102020202020403020202020504040304060506060605060606070908060709070606080B08090A0A0A0A0A06080B0C0B0A0C090A0A0A01020202020202050303050A0706070A0A0A0A0A0A0A0A0A0A0A0A0A0A0A0A0A0A0A0A0A0A0A0A0A0A0A0A0A0A0A0A0A0A0A0A0A0A0A0A0A0A0A0A0A0A0A0A0A0AFFC00011080020002003012200021101031101FFC401A20000010501010101010100000000000000000102030405060708090A0B100002010303020403050504040000017D01020300041105122131410613516107227114328191A1082342B1C11552D1F02433627282090A161718191A25262728292A3435363738393A434445464748494A535455565758595A636465666768696A737475767778797A838485868788898A92939495969798999AA2A3A4A5A6A7A8A9AAB2B3B4B5B6B7B8B9BAC2C3C4C5C6C7C8C9CAD2D3D4D5D6D7D8D9DAE1E2E3E4E5E6E7E8E9EAF1F2F3F4F5F6F7F8F9FA0100030101010101010101010000000000000102030405060708090A0B1100020102040403040705040400010277000102031104052131061241510761711322328108144291A1B1C109233352F0156272D10A162434E125F11718191A262728292A35363738393A434445464748494A535455565758595A636465666768696A737475767778797A82838485868788898A92939495969798999AA2A3A4A5A6A7A8A9AAB2B3B4B5B6B7B8B9BAC2C3C4C5C6C7C8C9CAD2D3D4D5D6D7D8D9DAE2E3E4E5E6E7E8E9EAF2F3F4F5F6F7F8F9FAFFDA000C03010002110311003F00FDB5F8E9F1D22F86F1AF87FC3E914FAC4F1EFF00DE7296A87A330EEC7B2FB64F1807C2FE24FC7FFD91FE18F8660F187ED83FB68785F43D4B51B633D8E8BAF78BEDEC597AE0794CDBFA8C65542FD7AD66F8CBC4575E2CF156A1E24BC72CF7974F20C9FBAB9C2AFD02803F0AF96F5DF00FECC917ED61F13BC5FF001E346F025CEAF2E91E1CBCB1BBF18E9F64CF69A60B596DBF772DD2E0466E639410A7EF919E48CDF126367C37934711497BEE493D2FBA7E6ADF79E270B615F197114F0D5649538C5C926F4D1A5B756EFD763EB6F86DF1FF00F647F89DE19B8F187EC7DFB68785F5CD4B4EB613DEE8BA178BEDEF99BA64794ADBFA9C6594AFD3AD7BA7C0BF8E917C488DBC3FE2048A0D6208F7FEEF84BA41D5947661DD7DF238C81F9ABA1780BF6639BF6B0F863E2FF80FA37812DB578748F11DE5F5DF83B4FB257BAD30DAC56DFBC96D570631732440063F7C1039071F527837C4575E13F1569FE24B372AF6774921C1FBCB9C32FD0A923F1A386F1B3E24C9A588AABDF5269696D92F377FBC38A70AF83788A186A524E9CA29B49E9AB6B6E8D5BA6E66FC60BFF0E7C14B8D6AF3E237892C345D37469DC5DEA5AADD2410471E7E462EE401B815C7739C0C9AF8F3E3F41FB237FC1443C73A7693F067F687BAD27E25FC38D3AE75AD17C5FE1CB618B6B25641731192E15629946449B720A619B382C0FDA5FF0005A2FF00826B78EBFE0A11F00ACF4AF833E2CB2D33C55E1ED4C6A56FA6EA5F25A6B9B229116DE594026175DEC639082A18E1800432FE14EB1F0E7F6D1FD803C5FAE5878CFE10F88BC17AFDCF86B58D1E19B57D1D8DB4F15ED8CD67308E650D0CC0A4A4AB2B30DCAA7B57A78B92CDB052C3B692945A6AD777E8D6B6567AECFE47065D809E439B431916FDC95D59D972F54FAEAB47AAEA7E82FC01B7FD91FF00E09E1E3AD4B4AF8CFF00B43DD6ADF12FE2369D6BAD6B7E2FF125B0C5CD93338B688496EAD144A429936E496055B380A07D85F082FF00C39F1AEE345BCF873E24B0D6B4CD6A74FB26A5A55D24F04B1E7E76574241DA0367B8C60E0D7E21681F0B7F6C3FF82826AFA67FC223F0D3C41E30F1458E85A0E89E4E93A2B0B716F69609691B3CEDB60816348232E599416958F15FB99FF045DFF826AF8EBFE09EFF0000EF34AF8CDE2CB2D53C53E21D4CEA571A6E9BF3DA687BE28D1ADE294806576D8A649000A58614103734E0AAC32BC1FD5A2D3504A2972D9DED76DBD9DEF7D1249DD6AF44F32CBEA67D9ACB1B26FDF936EEEEB96F64975564ACAEDE963FFFD9'),
        SEED_BINARY('FFD8FFDB0084000201010101010201010102020202020403020202020504040304060506060605060606070908060709070606080B08090A0A0A0A0A06080B0C0B0A0C090A0A0A01020202020202050303050A0706070A0A0A0A0A0A0A0A0A0A0A0A0A0A0A0A0A0A0A0A0A0A0A0A0A0A0A0A0A0A0A0A0A0A0A0A0A0A0A0A0A0A0A0A0A0A0A0A0A0AFFC00011080080008003012200021101031101FFC401A20000010501010101010100000000000000000102030405060708090A0B100002010303020403050504040000017D01020300041105122131410613516107227114328191A1082342B1C11552D1F02433627282090A161718191A25262728292A3435363738393A434445464748494A535455565758595A636465666768696A737475767778797A838485868788898A92939495969798999AA2A3A4A5A6A7A8A9AAB2B3B4B5B6B7B8B9BAC2C3C4C5C6C7C8C9CAD2D3D4D5D6D7D8D9DAE1E2E3E4E5E6E7E8E9EAF1F2F3F4F5F6F7F8F9FA0100030101010101010101010000000000000102030405060708090A0B1100020102040403040705040400010277000102031104052131061241510761711322328108144291A1B1C109233352F0156272D10A162434E125F11718191A262728292A35363738393A434445464748494A535455565758595A636465666768696A737475767778797A82838485868788898A92939495969798999AA2A3A4A5A6A7A8A9AAB2B3B4B5B6B7B8B9BAC2C3C4C5C6C7C8C9CAD2D3D4D5D6D7D8D9DAE2E3E4E5E6E7E8E9EAF2F3F4F5F6F7F8F9FAFFDA000C03010002110311003F00FDFCA28A2800A2ABEABAB69BA1E9D36AFAC5EC76D6D6E85E69A66C2A8F7AF9FF00E2BFED37ADF88A49344F01492E9F61CABDE7DD9E71EDFF003CD7FF001EF71D2BA70D85AB8A95A0B4EE79D9866785CB69F3557ABD92DDFF005DCF5DF1E7C69F007C3DDD6FAC6ADE75E01C58598F325FC4744FF81115E49E2AFDADBC5FA83343E13D1EDB4E8B3F2CB3FEFE5FAF651F91AF26666762EEC4B31CB127249F53EA6B63C1DF0FBC5FE3DBB369E16D165B9DA712CDF7628FFDE73C0FA75F6AF76965D84C3C79A7AF9BD8F8BC467F9A63AA7250F76FB28EAFEFDFEEB16358F8AFF1275E2DFDA9E36D45D58F31C770634FFBE5302B0A6BBBBB96DD71752C84F5324858FEA6BDBBC2FF00B1FC41167F1978ADCB7F15BE9B18007FC0DC1CFF00DF22B63C55F027E10F807C237DE269FC257FAA7D86032345F6F9373004649DA400A339638E1413838A4F31C0D1D23F82FF00861C720CEB14B9AABB7F8A577FA9F3CC377776CDBADEEA58C8E86390A9FD0D6EE8FF0015FE24E8257FB2FC6DA8A2A9E2392E0C89FF007CBE457B5F86BE02FC21F1D7852C7C490784F50D2FEDD6AB3084DF481E30467F88907D41C72083589E28FD8FE3D8D3F837C56DBBF86DF528C107FE068063F15342CC7035B497E2BFE1C2790675845CD49DFF00C32B3FC6C647857F6B6F17E9ECB0F8B347B6D462CFCD2C1FB897EBDD4FE42BD6FC07F1A7C01F10B6DBE8FAB7937847361783CB97F01D1FFE024D7CC7E30F0078BFC07782CFC53A24B6DB8E229BEF4527FBAE383F4EBED58EACC8C1D1886539520E083EA3D0D3AB97613111E6869E6B6161F3FCD3035392BFBD6DD4B47F7EFF007DCFB7E8AF9DFE147ED37ADF87648F44F1EC92EA161C2A5E7DE9E01EFF00F3D17FF1EF73D2BE80D2B56D375CD3A1D5F47BD8EE6DAE103C3342D95615E16270B570B2B4D69DCFB4CBF33C2E654F9A93D56E9EEBFAEE58A28A2B98F442ABEADAB69DA169B3EAFABDE25BDB5B46649A690E02A8EA6AC57CEFFB4D7C5793C47AD3780B45B9FF0040D3E5FF004D743C4F38FE1F754E9FEF67D0574E130D2C555E55B753CECCF30A796E15D596AF64BBBFEB739CF8C9F19356F89FAB1820692DF48B793FD0ECC9C173FF003D24F563D87451C75C9AE2A8A2BEB29D3852828C55923F2EC4622B62AB3AB55DDB3AFF00823E01D3FE22F8F21D13569596D2281EE2E511B6B48AB81B01ED92C327D335F54693A3E97A0E9F1695A369F15ADB42BB6286140AAA3E83F9D7C7BE09F186ABE03F135B78A34665F3AD98EE8DFEECA878643EC47E5C1ED507ED5FFF0005C8FD913F653B36B4F166A2E35745225B1D46E56D152403941C3CB3107BC71B29FEF57C971566B84C9E10AB8B9DA327CB149394A52D5DA318A7293B2BE89BB1F73C1B4E9E229CE9D38FEF16ADEDEEE9D5E895CFB4ABCEBE3CCDE2AB7B07096F7377E1EBAD22EEDF51B6D3AD5DE786E4A86826CC6DBFCBC82AC141033F302092BF8E5F1A7FE0ED866BB92D7E14783E7F2D5888E4B1D054647FD74BD939FAF943E95E0DE23FF83A5FF6ADD52E5A4B1D2B5E453D33AF5A41FA45678FD6BE29F1363AAFFBAE59889AEED52A6BEEAB5212FBE27DC2C1D25F1D682FBDFF00E929AFC4FE823E06CFE28BAB75DB05CDA7872D748B5834FB7D46D5D679AE705A79434ADE679792146E001C1DA0000B7A1D7F367E1DFF0083A5FF006AED2EE164BED2B5D7518CFF00C4FAD27FD25B3C7EB5EF5F05BFE0ED974BB8ED7E2C78367F2D88124B7DA129C0FF00AE965271F5F28FD285C4D8FA5FEF5966220BBA54AA2FBA9549CBEE8B0783A4FE0AD07F7AFF00D2925F89FB93ABE8DA56BFA74BA4EB5A7C3756D32ED9619D032B0FA1FE75F2B7C6DF01587C3AF1E4DA1E932B35A49025C5B2BB6E68D5B23613DF054E0FA62B9FFD943FE0B93FB227ED5964B69E12D458EAEEB88AC74FBA5BA57931C21E1258727BC91AA8FEF54FE35F17EABE3BF12DD78A35965F3AE586234FBB1A0E1517D80FCF93DEBED785735C267109D5C24EF18BE59269C651968ED28492945D9DF549D8F87E32A74F0F4E14EA47F78F54F7F775EAB46AFE665576BF06FE326ADF0C356104ED25C6917127FA659839287FE7A47E8C3B8E8C38EB835C5515F5B529C2AC1C64AE99F0D87C456C2D655693B347DB1A4EADA76BBA6C1ABE91789716D73189219A3390CA7A1AB15F3BFECCBF15E4F0E6B4BE02D6AE7FD035097FD09DCF104E7F87D95FA7FBD8F535F4457C9E2F0D2C2D5E57B743F51CB330A799615558E8F66BB3FEB6394F8D3E3CFF00857BE01BBD62DE402F2602DEC01FF9EAF9C37FC0402DFF0001AF92DD99D8BBB1624E4B31C927D4D7ACFED6DE2A6D47C5F67E13864FDD69D6DE6CABFF004D64FF000403FEFA35E4B5EF6594152C3297596BFE47C4711E31E273074D7C30D3E7D7FCBE41451457A27CF88C70A4FB57E25FED9FFB3F2FEDC9FF0005A5F12FC207F184DA28D4FC491E8B26A71D9ADC9B682CF4D525950B2E7FD530C6E03E6AFDB47202924E001C9AFCACFD9EBC1FAA0FF82FA78D8EB3646392D359F11EA910620FEEA4B4CC2F91D8A4E847FBD8EB5F0FC7598D4C065B1F633B4EEDADAF6517AD9F4BB5F3B1FA8F85995D2CC336AAEB439A0A295F5B5DC93B5D6CEC9F5BDAE74BE11FF836F3F667D3D15FC6DFB4278F7567FE25B1B5B1B143F9A4ADFAD773A7FF00C1BEFF00F04F6B48C2DDC1E3FBB61D5E6F196D27F08E1515F6F515F86CF88F3CA8EEF112F969F958FE8D870E6474D5961E3F3D7F3B9F10EA1FF06FBFFC13DAF232B6B6FE3FB463D1E1F196E23F0921615C378BBFE0DBCFD9A350477F04FED0BE3DD25FF856FAD2C6F907E51C47F5AFD17A288711E794DDD6225F3D7F3B84F87323A8ACF0F1F969F958FC5FFD8ABF67E93F61EFF82D1786BE10CFE2D6D69B4BF134DA2C5A99B416FF0069B7BCD3DCA394DCDB4912A65412320E33C57EDBA9CA83ED5F959FB45F83F544FF0082F8F8224D1AC5A592F758F0E6A922A301FBB8ED4F9CF93D9520727FDDC75AFD53420A820E411C1AFDCB81731A98FCB65EDA779DD37B5ECE2B5B2E974FE773F9CBC53CAE965F9B527461CB0E56AFADAEA4DDAEF7766BADED6168A28AFB83F2E15199183A31520E4329C107D457D69F05BC79FF000B0BC0369AC5C480DE420DBDF81FF3D53196FF0081021BFE055F2557AD7EC93E2A6D3BC5F79E139A4FDD6A36DE6C4BFF004D63FF001427FEF915E76674155C339758EBFE67D070E631E1B3054DFC33D3E7D3FCBE670DF15F583AF7C49D6F54DFB95F5191233FEC21D8BFA2D73D525DCCD73772DC39E6495989F7249FEB51D77C22A10515D0F12B54756B4A6FAB6FEF0A28A2A8C865C82D6D228EE86BE15B5F0D699E0EFF0082EBCDABDE5CC76E7C57F081AE6C55CE3ED170B1A42EABEADB2D99B1E8A6BEED201182383D6BF34BFE0B9367F10FE0AFC64F839FB577C39B87B3BED18DD58DB6AB1AEE58AEA2956E61471DD5D1E7054FDE50E2BF2DF10B29C5E27114B134A2DC7925093E91D538B7E4DDD5FF00CD1FB7F8499DE070B42BE0AB4929B9C6704F472D1A925DDA493B7AF667E8AD15E0FF00007FE0A1FF00B3A7C64FD9B07ED17E23F1DE95E15B5D3765BF8AEC755BE546D26F88FF00538FBD22BE0B44541322F41B9580F29F1AFF00C175FF00626F0CEADFD97E1FB2F1978814380F7963A2C76F16DCF2EBF69951D8639FBA335F8B47078A9CDC541DD6E7F414B13878C549C9599F67515F18F82FFE0BB1FB13789B56FECBD7ECBC65A02B48425E5F68B1DC45B73C3B0B695DD411CFDD38AF53FDA03FE0A29FB39FC1BFD9B0FED13E19F1E693E2B83520F6FE13D3F4ABE0EDAADF01FEA48FBD1AC790D29600A2F18DCCA092C1E2A335170777B6811C561E517252564792DFE81A578DBFE0BAF69A9D8CE93B7843E100B8D4021CF9170D1C9146A7D1B65D21C7A30AFBAAD815B68D4F6415F9A7FF000435D3FE217C67F8CBF187F6AEF8893C97B7BAC1B5B0B9D5645DAB35DCD335CCC883B044484051C2A9415FA5F80380381D2BF69F0F729C5E17115713562D4392308BE92D5B935E49E97F97467F3EF8B59DE071587A182A324E6A729CD2DE3A2514FB369B76FF00341451457EA47E2015D0FC28D60E83F12744D537ED54D463490FFB0E7637E8D5CF54969335B5DC5708798E55607DC107FA54CE2A70717D4D68D474AB466BA34FEE0BB85ADAEE5B771CC72B291EE091FD2A3AE87E2BE8E741F893ADE97B36AA6A323C63FD873BD7F46AE7A88494E0A4BA856A6E956941F46D7DC145145519057967EDA3FB32E89FB5DFECE1E23F821AA3C50DDDF5B8B8D02FE61C596A5165ADE5CF65DD946FF6247AF53A2B3AD469E2294A954578C934FD19BE1B115B0988857A4ED28B4D3F35AA3F9A9F12F86FC47E02F14EA1E0BF1968B3596A5A46A2F6BAB69772595A29E172AF1B8041C83B8647386241E735FA43FB18FF00C14E3FE09C7E02F03DB7857C4BFB3A5A7C32D4638163BC9F4CF0E8D56DAED80C1737386B939EA44A18F3F78D7B07FC14DBFE0945A4FED677B2FC73F835AAD9689E3E8AD42EA76F7D94B3D7A38D708647504C370AA0289705594057036861F99BE2EFF827F7EDA7E0ABD6B2D5BF66DF13CFB4902E349B45BD85C7AABC0CC08FCABF0CE23C8E380C47B0C44B4777177B5D7A77EF75A743FA9784F89619E607EB3868FBCACA71B5F95FAF67D1A7AADF5BA3ED4FDB27FE0A7DFF0004E7F1B781AEBC27E15FD9CEC7E26EA1340D1DACBAAF86974BB4B562301FED0556E463B08829E3EF2F5AFCDCF0DF86FC43E3DF15D8783BC1BA14B7BA9EB1A8A5AE95A5DAEE6696799C2A449924F2768C9C9C0C93C66BD3FC23FF0004FEFDB4FC6B7AB65A4FECDBE27837100DC6AD68B650A0F5679D9401F9D7E997FC1327FE0945A4FEC997B17C73F8CBAAD96B7E3E96D4AE996F6397B3D0639170E637600CD70CA4A9970155495407716270E6471C7E23D861E5A2B393BDECBD3BBE9A6BD438B3896191E07EB3898FBCEEA11B5B99FAF65D5B7A2DB5B23E82FD8BBF665D13F644FD9C3C39F0434B78A6BBB1B7371AFDFC238BDD4A5C35C4B9EEBBB08BFEC4695EA74515FB9D1A34F0F4A34A9AB462925E88FE5AC4E22B62F113AF55DE526DB7E6F5614514568601525A42D737715BA0E6495540F7240FEB51D743F0A3473AF7C49D134BD9B95F518DE41FEC21DEDFA2D4CE4A10727D0D68D3756B460BAB4BEF3B9FDADBC2ADA778BECFC590C7FBAD46DBCA95BFE9AC7FE2847FDF26BC96BEB5F8D3E03FF8585E01BBD1EDE306F2102E2C09FF009EA99C2FFC0812BFF02AF92DD5918A3A9520E0AB0C107D0D706595D55C328F58E9FE47B7C4783786CC1D45F0CF5F9F5FF3F9894566F8C3C63E14F87DE17BEF1AF8E7C4567A4691A65B99F50D4B509C470DBC63AB331FC001D4920004902BF3D7F6AAFF0082EB5CE991DE681FB1FF00C35875092170B1F897C59132A4C030DC60B4565382B9C34CC3B1D95DB52A469C6ECF230F84AF8A95A9AF9F447E8EAAB3E76296C75DA338AC0F177C53F85FF0FC81E3DF897E1ED10B21755D5F5CB7B666507048591C1233C640AFC9EF8A5FF052FF001EF8ABC72FAACFF13BC4FABE9BA7F8FECF56D26C2DE5FB15BCBA4B587957561222EC071333B26F5604E189E057CEDAE788EDBE222784ACEE345111F055A6A16B677924DE6CB716B7174D34514848E0C40850413BB04F1D2BE3F2EE27CDF33C6538C32DA94E8CAD79D4946128A7194B5A7ABBA6A116AFBCDFF233E9AA70C61B0F4252A98A8B9ABE914DA7AA5F168BBBDBA799FBD3F06BE277C2DFDA4BC2DADEBBF06BE20596B76BA65EC9A6CF75681FCB175E52BE32CA3726D75C3AE41E704E0D719A8E997BA3DF4BA6EA56CD0CF0B6D9518720FF0051E87BD7C73FF0429F8D67C29F1EBC47F03F53BCDB6BE2FD17EDB608C78FB6D9E58E3DDA0793FEFD8AFBAFF6DCF8D1FB377ECE3E06B2F1E7ED1BF14F4DF061BE32C7A0DC6A514A64D51E250CF0451C68CF310194FCA0EDDC33C1AF178E326C466ED4E9BBCE09D97469EEBD74F9EC7E99E1D66B82C829BA52568546B9A5D5357B37E5AFCB7F5E6B4ED32F758BE8B4DD36D9A69E66DB1228E49FE83D4F6AECFE327C4DF85DFB37785B44D73E3278FEC744B5D4EF63D360BABB0FE59BA3133E32AA76A6D46CBB600E32464552FD88FE33FECDFF00B477816F7C7DFB397C52D3BC666C9A28B5DB8D362983E96F229648258E44578490AC7E60376D24702BE13FF82EB7C6C3E2BF8F3E1CF81DA65E6EB5F0868A6F6FD14F1F6DBCC3007DD6048FFEFE9A381F26C4E50DD4A8ED39A575D125B2F5D75EC1E22E6B82CFE9AA51578536F965D5B76BB5E565F3DFD3EFBF097C51F865E3F0C7C07F123C3FADF96A1A41A46B76F72501E85846E4AE7B6456F32B2603A15C8C8DC319AFE7F7C31E2DB0F86B1EBFA58F0F79F178AF57D1AEF54BA867F2A616D6170B335AA60631211CB13C67A1AF7FF851FF00052DF889E0CF12DBEA717C53F13585A5C78A7C41AD6B3A7DD39BCB7921960DBA6E9E8AFBF11AB052DB420565CF426BD9C7F13E7196E32A46A65B52A518B7CB3A728CE524A0A5FC3D1A6E5CD049BDD47F9B4FCCE9F0C617114232A58A8A9BDD4938A4EF6F8B5D959EDDFB1FB05457E727ECA3FF0005D4B8D4ED74EF0F7ED87F0E60B0B89A345BAF13F84E263144E7A99ACD999801DDA266EE4257E84F843C61E15F881E18B1F1AF81FC4567AB691A9DBACFA7EA5A7CE2486E233D195875EE08EA0820804115F650A919ABA3E631185AF8595AA2F9F434ABD6BF649F0AB6A3E2FBCF164D1FEEB4EB6F2A26FF00A6B27F8203FF007D0AF2645676088A589380AA3249F415F5A7C16F01FF00C2BDF00DA68F7118179303717E47FCF57C657FE02005FF0080D70E675D52C338F5969FE67B1C3983789CC1547F0C35F9F4FF003F91D5D7CEFF00B4D7C2893C39AD378F745B6FF40D425FF4D441C4139FE2F657EBFEF67D457D1155F56D274ED774D9F48D5ECD2E2DAE6331CD0C832194F6AF0709899616AF32DBA9F6F99E5F4F32C2BA52D1EE9F67FD6E7E027FC1797E34EA9FDB7E09FD9EB4BD5244B21632EBDAD5AC6F859A5690C36A1C770A126700F42C0F502BF3BABF413FE0E0EFD8EBE3AFC1AFDABA5F8EBAD6872DEFC3CF10D8D969FE18D7ED8174B47862C1B3B938FDD4C5CC8EA4FCB229F94EE5751F9F75EE3AB1ACF9E2F43E770F869E0E8AA53566B7F50ADDF094B01B79605E240DB9BDC74158553585EC9A7DDA5D4633B4FCC3D47714E0F9657359C79A363DAFF659F8DF7DFB35FED1FE08F8F56019BFE115F12DADFDD440FF00AEB50FB6E233ECD034ABF8D7EB17FC1D2DF197F674B2FF00826669BE18F19E8906BBE20F1AF896C64F8613C13EC7B29A2513CDA8AB01CC4B6ACD132F47FB5229EB91F8BD14B15C44B2C64323AE47B835ABFF000541FDAF35FF00DA53E1FF00ECF7F0F35BD5EE2E25F869F0C6E746BD8E624A9B8FED078E3947A96B3B7B204FAA9AE6CC697372D45D0EBCB6B7229D37D4FD8DFF00835ABE33FECED7FF00F04CBD47C2FE0CD12DF41F107823C4B7CFF13A79E7DED7B3CAA678751662388DAD556255E89F65751C0C9FC9DFDA9FE385F7ED2BFB4878DFE3D5F0651E2AF12DD5F5AC4C7FD55A97DB6F18F6581625FC2B93FF00825FFED7DAFF00ECD3E01FDA0FE1DE89AB5C5BCBF133E18DB68D649092145C7F6824724A7D0AD9DC5E807D58565CB245044D2B90A88B93EC0519752E5E6A8FA86655B99429AE9A995E2D96016F140DCC85B72FB0E86B0AA5BDD47FB4EEDEE4C8A493C2860768EC2A2AE99BBC8E482E58D82BF447FE0837F1AB54FEDCF1AFECF3AAEAB24964D631EBDA25AC8F95865590437410760C1E1720752A4F526BF3BABF413FE0DF1FD8E7E3AFC66FDABA2F8EDA2E872D97C3CF0F58DEE9FE26D7EE4144BB79A2C0B2B538FDECC1C46EE47CB128F98EE65529558D17CF27A196230B3C65174A0AEDEDEA7EC47ECCBF0A24F11EB4BE3DD6ADBFD034F97FD091C713CE3F8BDD53AFFBD8F435F44557D2749D3B42D360D2348B34B7B6B68C470C318C0551DAAC57878BC4CB155799EDD0FA2CB32FA796E15528EAF76FBBFEB60A28A2B98F44C1F89DF0C3E1EFC67F016ABF0BBE2AF83B4FD7FC3DADDA35B6ABA46A96E2582E223D994F7070430C1520104100D7E1CFFC14C7FE0DE1F8C1F002F350F8BBFB16D96A3E39F040DD3DCF854666D6B465CE488C75BF84762BFBE51D564C17AFDE4A0807822B6A35EA517EE9857C3D3C42B4B7EE7F1DB3C335B4F25ADCC2F1CB0C8639A2910AB46E0E0AB29E5581E083C8A6D7F4F1FB6AFF00C1227F622FDBA1A7F107C52F864349F154A985F1A7855D6CB52279C79AC14C7723DA647E060115F981FB49FF00C1AFFF00B56F80AE27D53F668F8A9E1DF1FE9C1B3069BAC37F646A407F772DBEDE43DB3BE3CFA0AF4E9E328CF7D19E3D5C057A7B2BAF2FF23F383C2DA8F5D3656F568B3FA8FEBF9D72FF00B43E83F6DF0D5AF88224CBD85C6C908FF9E7271FA305FCEBDFBE297FC136BFE0A05F032E6497E227EC83E3EB28EDA4F9AFECB417BFB6C8EE26B4F3508FC6BCE7C5BE13D5B53F0DDE787FC41A15E584D756AF13437F67242D1C98E32AEA08C3006BB1B8D7A2E09DCE14A542BA9356387FD9DF40367E1CBAF10CA987BEB8F2E2247FCB38FF00C589FCABA6F16EA198CE9913E3E5CCA476E381FD7F2AD2F08F84B57D33C3567A0787F41BCD426B5B648961B0B39266924EF8080939624D7A3FC2CFF826CFFC140FE395CC73FC3AFD907C7B7897127CB7F7BA13D85B64F39335DF94807E3426A851516C1A957AEE495CBBFB5FEB115F7C2DF86A22F0BC7A7BDD6946E6EE64B28E2F3E5FB3C0B9564E5D70C5B3D32DEB9C781C104D733C76B6D0BC92CD208E18A342CD239380AAA396627800726BF573E0FF00FC1BB5FB797C7EB0D1EDFF006CBFDA0F48F08689A6C615348D3663AC6A27963962365BAC986D9BF7C9850060815FA35FB157FC122BF622FD85DA0D7FE16FC311AB78AA24C378D3C54EB7BA903C67CA62A23B61ED0A2707049AF89E10CBE7C33C3F0C0D6E5738CAA3F75B6AD2A9292D6493D134BE47BF9842A6658E75A29A8B51DEC9E9149E8BCD1F971FF04CEFF83787E2FF00C7EBCD3FE2F7EDA765A8F81BC1276CF6DE1524C3AD6B2B9C8120EB6109EE5BF7CC3A2C790F5FB8BF0CBE187C3EF833E02D2BE17FC2AF07E9FA0787B44B45B6D2B48D2EDC4505B443B2A8EE4E4927258924924935BC001C01457AF5ABD4ACFDE37A187A787568EFDC28A28AC4DCFFD9'));

insert into cm_domain_page_views (page_id, ts_created, proto, ip, country, ua_browser_name, ua_browser_version, ua_os_name, ua_os_version, ua_device)
values
    ('0ebb8a1b-12f6-421e-b1bb-75867ac480c7', '2020-06-23 17:21:53.002826',                   'HTTP/1.1', '10.20.x.x',   'US', 'Chrome',    '317.2320.97', 'MacOSX',  '10.15.1', 'Computer'),
    ('0ebb8a1b-12f6-421e-b1bb-75867ac480c7', SEED_NOW('-1909752 seconds'), 'HTTP/1.1', '199.239.x.x', 'BR', 'Firefox',   '113.0.0',     'Linux',   '0.0.0',   'Computer'),
    ('0ebb8a1b-12f6-421e-b1bb-75867ac480c7', SEED_NOW('-1905443 seconds'), 'HTTP/1.1', '199.239.x.x', 'BR', 'Firefox',   '113.0.0',     'Linux',   '0.0.0',   'Computer'),
    ('0ebb8a1b-12f6-421e-b1bb-75867ac480c7', SEED_NOW('-1905311 seconds'), 'HTTP/1.1', '127.14.x.x',  'NL', 'Chrome',    '118.0.0',     'Linux',   '0.0.0',   'Computer'),
    ('0ebb8a1b-12f6-421e-b1bb-75867ac480c7', SEED_NOW('-1902492 seconds'), 'HTTP/1.1', '77.222.x.x',  'ME', 'Chrome',    '118.0.0',     'MacOSX',  '10.15.7', 'Computer'),
    ('0ebb8a1b-12f6-421e-b1bb-75867ac480c7', SEED_NOW('-1816661 seconds'), 'HTTP/1.1', '77.222.x.x',  'ME', 'Chrome',    '118.0.0',     'MacOSX',  '10.15.7', 'Computer'),
    ('0ebb8a1b-12f6-421e-b1bb-75867ac480c7', SEED_NOW('-1787996 seconds'), 'HTTP/1.1', '14.240.x.x',  'VN', 'IE',        '118.0.2088',  'Windows', '10.0.0',  'Computer'),
    ('0ebb8a1b-12f6-421e-b1bb-75867ac480c7', SEED_NOW('-1691282 seconds'), 'HTTP/1.1', '131.226.x.x', 'US', 'Chrome',    '118.0.0',     'MacOSX',  '10.15.7', 'Computer'),
    ('0ebb8a1b-12f6-421e-b1bb-75867ac480c7', SEED_NOW('-1689650 seconds'), 'HTTP/1.1', '131.226.x.x', 'US', 'Chrome',    '118.0.0',     'MacOSX',  '10.15.7', 'Computer'),
    ('0ebb8a1b-12f6-421e-b1bb-75867ac480c7', SEED_NOW('-1631563 seconds'), 'HTTP/1.1', '191.254.x.x', 'BR', 'Chrome',    '118.0.0',     'Windows', '10.0.0',  'Computer'),
    ('0ebb8a1b-12f6-421e-b1bb-75867ac480c7', SEED_NOW('-1622461 seconds'), 'HTTP/1.1', '171.252.x.x', 'VN', 'Chrome',    '118.0.0',     'MacOSX',  '10.15.7', 'Computer'),
    ('0ebb8a1b-12f6-421e-b1bb-75867ac480c7', SEED_NOW('-1618964 seconds'), 'HTTP/1.1', '171.252.x.x', 'VN', 'Chrome',    '118.0.0',     'MacOSX',  '10.15.7', 'Computer'),
    ('0ebb8a1b-12f6-421e-b1bb-75867ac480c7', SEED_NOW('-1605280 seconds'), 'HTTP/1.1', '171.252.x.x', 'VN', 'Chrome',    '118.0.0',     'MacOSX',  '10.15.7', 'Computer'),
    ('0ebb8a1b-12f6-421e-b1bb-75867ac480c7', SEED_NOW('-1596481 seconds'), 'HTTP/1.1', '171.252.x.x', 'VN', 'Chrome',    '118.0.0',     'MacOSX',  '10.15.7', 'Computer'),
    ('0ebb8a1b-12f6-421e-b1bb-75867ac480c7', SEED_NOW('-1530324 seconds'), 'HTTP/1.1', '66.249.x.x',  'US', 'GoogleBot', '0.0.0',       'Bot',     '6.0.1',   'Computer'),
    ('0ebb8a1b-12f6-421e-b1bb-75867ac480c7', SEED_NOW('-1515089 seconds'), 'HTTP/1.1', '180.149.x.x', 'NZ', 'Chrome',    '117.0.0',     'Windows', '10.0.0',  'Computer'),
    ('0ebb8a1b-12f6-421e-b1bb-75867ac480c7', SEED_NOW('-1489540 seconds'), 'HTTP/1.1', '180.149.x.x', 'NZ', 'Chrome',    '117.0.0',     'Windows', '10.0.0',  'Computer'),
    ('0ebb8a1b-12f6-421e-b1bb-75867ac480c7', SEED_NOW('-1411484 seconds'), 'HTTP/1.1', '179.36.x.x',  'AR', 'Firefox',   '118.0.0',     'Linux',   '0.0.0',   'Computer'),
    ('0ebb8a1b-12f6-421e-b1bb-75867ac480c7', SEED_NOW('-1366337 seconds'), 'HTTP/1.1', '77.0.x.x',    'DE', 'Safari',    '17.0.0',      'MacOSX',  '10.15.7', 'Computer'),
    ('0ebb8a1b-12f6-421e-b1bb-75867ac480c7', SEED_NOW('-1366306 seconds'), 'HTTP/1.1', '189.14.x.x',  'BR', 'Chrome',    '117.0.0',     'Linux',   '0.0.0',   'Computer'),
    ('0ebb8a1b-12f6-421e-b1bb-75867ac480c7', SEED_NOW('-1359413 seconds'), 'HTTP/1.1', '167.235.x.x', 'DE', 'Chrome',    '117.0.0',     'Android', '10.0.0',  'Phone'),
    ('0ebb8a1b-12f6-421e-b1bb-75867ac480c7', SEED_NOW('-1358509 seconds'), 'HTTP/1.1', '36.99.x.x',   'CN', 'Chrome',    '92.0.4515',   'Windows', '10.0.0',  'Computer'),
    ('0ebb8a1b-12f6-421e-b1bb-75867ac480c7', SEED_NOW('-1357752 seconds'), 'HTTP/1.1', '14.240.x.x',  'VN', 'IE',        '118.0.2088',  'Windows', '10.0.0',  'Computer'),
    ('0ebb8a1b-12f6-421e-b1bb-75867ac480c7', SEED_NOW('-1356441 seconds'), 'HTTP/1.1', '14.240.x.x',  'VN', 'IE',        '118.0.2088',  'Windows', '10.0.0',  'Computer'),
    ('0ebb8a1b-12f6-421e-b1bb-75867ac480c7', SEED_NOW('-1356398 seconds'), 'HTTP/1.1', '104.28.x.x',  'US', 'Chrome',    '117.0.0',     'Linux',   '0.0.0',   'Computer'),
    ('0ebb8a1b-12f6-421e-b1bb-75867ac480c7', SEED_NOW('-1355851 seconds'), 'HTTP/1.1', '104.28.x.x',  'US', 'Chrome',    '117.0.0',     'Linux',   '0.0.0',   'Computer'),
    ('0ebb8a1b-12f6-421e-b1bb-75867ac480c7', SEED_NOW('-1342301 seconds'), 'HTTP/1.1', '104.28.x.x',  'US', 'Chrome',    '117.0.0',     'Linux',   '0.0.0',   'Computer'),
    ('0ebb8a1b-12f6-421e-b1bb-75867ac480c7', SEED_NOW('-1320990 seconds'), 'HTTP/1.1', '104.28.x.x',  'US', 'Chrome',    '117.0.0',     'Linux',   '0.0.0',   'Computer'),
    ('0ebb8a1b-12f6-421e-b1bb-75867ac480c7', SEED_NOW('-1305785 seconds'), 'HTTP/1.1', '66.249.x.x',  'US', 'GoogleBot', '0.0.0',       'Bot',     '0.0.0',   'Computer'),
    ('0ebb8a1b-12f6-421e-b1bb-75867ac480c7', SEED_NOW('-1254226 seconds'), 'HTTP/1.1', '66.249.x.x',  'US', 'GoogleBot', '0.0.0',       'Bot',     '6.0.1',   'Computer'),
    ('0ebb8a1b-12f6-421e-b1bb-75867ac480c7', SEED_NOW('-1231714 seconds'), 'HTTP/1.1', '178.202.x.x', 'DE', 'Firefox',   '118.0.0',     'MacOSX',  '10.15.0', 'Computer'),
    ('0ebb8a1b-12f6-421e-b1bb-75867ac480c7', SEED_NOW('-1231653 seconds'), 'HTTP/1.1', '217.100.x.x', 'NL', 'Chrome',    '118.0.0',     'Linux',   '0.0.0',   'Computer'),
    ('0ebb8a1b-12f6-421e-b1bb-75867ac480c7', SEED_NOW('-1222300 seconds'), 'HTTP/1.1', '81.59.x.x',   'NL', 'Safari',    '16.6.0',      'MacOSX',  '10.15.7', 'Computer'),
    ('0ebb8a1b-12f6-421e-b1bb-75867ac480c7', SEED_NOW('-1189525 seconds'), 'HTTP/1.1', '41.250.x.x',  'MA', 'Chrome',    '118.0.0',     'MacOSX',  '10.15.7', 'Computer'),
    ('0ebb8a1b-12f6-421e-b1bb-75867ac480c7', SEED_NOW('-1189511 seconds'), 'HTTP/1.1', '79.130.x.x',  'GR', 'Firefox',   '118.0.0',     'Linux',   '0.0.0',   'Computer'),
    ('0ebb8a1b-12f6-421e-b1bb-75867ac480c7', SEED_NOW('-1185344 seconds'), 'HTTP/1.1', '195.154.x.x', 'FR', 'Unknown',   '0.0.0',       'Unknown', '0.0.0',   'Unknown'),
    ('0ebb8a1b-12f6-421e-b1bb-75867ac480c7', SEED_NOW('-1185341 seconds'), 'HTTP/1.1', '92.191.x.x',  'ES', 'Chrome',    '118.0.0',     'MacOSX',  '10.15.7', 'Computer'),
    ('0ebb8a1b-12f6-421e-b1bb-75867ac480c7', SEED_NOW('-1185336 seconds'), 'HTTP/1.1', '127.14.x.x',  'NL', 'Chrome',    '118.0.0',     'Linux',   '0.0.0',   'Computer'),
    ('0ebb8a1b-12f6-421e-b1bb-75867ac480c7', SEED_NOW('-1185335 seconds'), 'HTTP/1.1', '91.135.x.x',  'FR', 'Chrome',    '118.0.0',     'MacOSX',  '10.15.7', 'Computer'),
    ('0ebb8a1b-12f6-421e-b1bb-75867ac480c7', SEED_NOW('-1185158 seconds'), 'HTTP/1.1', '85.146.x.x',  'NL', 'Chrome',    '118.0.0',     'Windows', '10.0.0',  'Computer'),
    ('0ebb8a1b-12f6-421e-b1bb-75867ac480c7', SEED_NOW('-1185148 seconds'), 'HTTP/1.1', '144.64.x.x',  'PT', 'Firefox',   '120.0.0',     'MacOSX',  '10.15.0', 'Computer'),
    ('0ebb8a1b-12f6-421e-b1bb-75867ac480c7', SEED_NOW('-1185139 seconds'), 'HTTP/1.1', '68.142.x.x',  'US', 'Chrome',    '116.0.0',     'MacOSX',  '10.15.7', 'Computer'),
    ('0ebb8a1b-12f6-421e-b1bb-75867ac480c7', SEED_NOW('-1185131 seconds'), 'HTTP/1.1', '49.37.x.x',   'IN', 'Chrome',    '117.0.0',     'MacOSX',  '10.15.7', 'Computer'),
    ('0ebb8a1b-12f6-421e-b1bb-75867ac480c7', SEED_NOW('-1184973 seconds'), 'HTTP/1.1', '124.197.x.x', 'NZ', 'Firefox',   '118.0.0',     'MacOSX',  '10.15.0', 'Computer'),
    ('0ebb8a1b-12f6-421e-b1bb-75867ac480c7', SEED_NOW('-1175730 seconds'), 'HTTP/1.1', '174.126.x.x', 'US', 'Chrome',    '118.0.0',     'Linux',   '0.0.0',   'Computer'),
    ('0ebb8a1b-12f6-421e-b1bb-75867ac480c7', SEED_NOW('-1171428 seconds'), 'HTTP/1.1', '110.226.x.x', 'IN', 'Chrome',    '117.0.0',     'MacOSX',  '10.15.7', 'Computer'),
    ('0ebb8a1b-12f6-421e-b1bb-75867ac480c7', SEED_NOW('-1171092 seconds'), 'HTTP/1.1', '191.185.x.x', 'BR', 'Firefox',   '118.0.0',     'MacOSX',  '10.15.0', 'Computer'),
    ('0ebb8a1b-12f6-421e-b1bb-75867ac480c7', SEED_NOW('-1152507 seconds'), 'HTTP/1.1', '95.90.x.x',   'DE', 'Chrome',    '118.0.0',     'Windows', '10.0.0',  'Computer'),
    ('0ebb8a1b-12f6-421e-b1bb-75867ac480c7', SEED_NOW('-1120620 seconds'), 'HTTP/1.1', '90.68.x.x',   'ES', 'Firefox',   '115.0.0',     'Windows', '10.0.0',  'Computer'),
    ('0ebb8a1b-12f6-421e-b1bb-75867ac480c7', SEED_NOW('-1076604 seconds'), 'HTTP/1.1', '90.68.x.x',   'ES', 'Firefox',   '115.0.0',     'Windows', '10.0.0',  'Computer'),
    ('0ebb8a1b-12f6-421e-b1bb-75867ac480c7', SEED_NOW('-1076600 seconds'), 'HTTP/1.1', '90.68.x.x',   'ES', 'Firefox',   '115.0.0',     'Windows', '10.0.0',  'Computer'),
    ('0ebb8a1b-12f6-421e-b1bb-75867ac480c7', SEED_NOW('-0919939 seconds'), 'HTTP/1.1', '93.4.x.x',    'FR', 'Firefox',   '118.0.0',     'Linux',   '0.0.0',   'Computer'),
    ('0ebb8a1b-12f6-421e-b1bb-75867ac480c7', SEED_NOW('-0919400 seconds'), 'HTTP/1.1', '76.91.x.x',   'US', 'Chrome',    '117.0.0',     'MacOSX',  '10.15.7', 'Computer'),
    ('0ebb8a1b-12f6-421e-b1bb-75867ac480c7', SEED_NOW('-0917512 seconds'), 'HTTP/1.1', '213.177.x.x', 'ES', 'Chrome',    '118.0.0',     'Windows', '10.0.0',  'Computer'),
    ('0ebb8a1b-12f6-421e-b1bb-75867ac480c7', SEED_NOW('-0917261 seconds'), 'HTTP/1.1', '203.189.x.x', 'LK', 'Chrome',    '118.0.0',     'Windows', '10.0.0',  'Computer'),
    ('0ebb8a1b-12f6-421e-b1bb-75867ac480c7', SEED_NOW('-0917217 seconds'), 'HTTP/1.1', '203.189.x.x', 'LK', 'Chrome',    '118.0.0',     'Windows', '10.0.0',  'Computer'),
    ('0ebb8a1b-12f6-421e-b1bb-75867ac480c7', SEED_NOW('-0917209 seconds'), 'HTTP/1.1', '190.42.x.x',  'PE', 'Firefox',   '118.0.0',     'Linux',   '0.0.0',   'Computer'),
    ('0ebb8a1b-12f6-421e-b1bb-75867ac480c7', SEED_NOW('-0917077 seconds'), 'HTTP/1.1', '27.74.x.x',   'VN', 'Firefox',   '118.0.0',     'MacOSX',  '10.15.0', 'Computer'),
    ('0ebb8a1b-12f6-421e-b1bb-75867ac480c7', SEED_NOW('-0916870 seconds'), 'HTTP/1.1', '217.178.x.x', 'JP', 'Firefox',   '118.0.0',     'Windows', '10.0.0',  'Computer'),
    ('0ebb8a1b-12f6-421e-b1bb-75867ac480c7', SEED_NOW('-0916787 seconds'), 'HTTP/1.1', '127.14.x.x',  'NL', 'Chrome',    '118.0.0',     'Linux',   '0.0.0',   'Computer'),
    ('0ebb8a1b-12f6-421e-b1bb-75867ac480c7', SEED_NOW('-0916355 seconds'), 'HTTP/1.1', '183.158.x.x', 'CN', 'Chrome',    '117.0.0',     'Windows', '10.0.0',  'Computer'),
    ('0ebb8a1b-12f6-421e-b1bb-75867ac480c7', SEED_NOW('-0916323 seconds'), 'HTTP/1.1', '213.91.x.x',  'BG', 'Opera',     '103.0.0',     'Windows', '10.0.0',  'Computer'),
    ('0ebb8a1b-12f6-421e-b1bb-75867ac480c7', SEED_NOW('-0916116 seconds'), 'HTTP/1.1', '213.91.x.x',  'BG', 'Opera',     '103.0.0',     'Windows', '10.0.0',  'Computer'),
    ('0ebb8a1b-12f6-421e-b1bb-75867ac480c7', SEED_NOW('-0916046 seconds'), 'HTTP/1.1', '213.91.x.x',  'BG', 'Opera',     '103.0.0',     'Windows', '10.0.0',  'Computer'),
    ('0ebb8a1b-12f6-421e-b1bb-75867ac480c7', SEED_NOW('-0915631 seconds'), 'HTTP/1.1', '213.91.x.x',  'BG', 'Opera',     '103.0.0',     'Windows', '10.0.0',  'Computer'),
    ('0ebb8a1b-12f6-421e-b1bb-75867ac480c7', SEED_NOW('-0914993 seconds'), 'HTTP/1.1', '146.70.x.x',  'FR', 'Chrome',    '117.0.0',     'Windows', '10.0.0',  'Computer'),
    ('0ebb8a1b-12f6-421e-b1bb-75867ac480c7', SEED_NOW('-0914673 seconds'), 'HTTP/1.1', '144.2.x.x',   'CH', 'IE',        '117.0.2045',  'Windows', '10.0.0',  'Computer'),
    ('0ebb8a1b-12f6-421e-b1bb-75867ac480c7', SEED_NOW('-0914443 seconds'), 'HTTP/1.1', '177.234.x.x', 'BR', 'Chrome',    '117.0.0',     'Linux',   '0.0.0',   'Computer'),
    ('0ebb8a1b-12f6-421e-b1bb-75867ac480c7', SEED_NOW('-0912137 seconds'), 'HTTP/1.1', '177.234.x.x', 'BR', 'Chrome',    '117.0.0',     'Linux',   '0.0.0',   'Computer'),
    ('0ebb8a1b-12f6-421e-b1bb-75867ac480c7', SEED_NOW('-0910557 seconds'), 'HTTP/1.1', '72.77.x.x',   'US', 'Firefox',   '118.0.0',     'Windows', '10.0.0',  'Computer'),
    ('0ebb8a1b-12f6-421e-b1bb-75867ac480c7', SEED_NOW('-0909557 seconds'), 'HTTP/1.1', '37.116.x.x',  'IT', 'Firefox',   '119.0.0',     'Windows', '10.0.0',  'Computer'),
    ('0ebb8a1b-12f6-421e-b1bb-75867ac480c7', SEED_NOW('-0907585 seconds'), 'HTTP/1.1', '194.75.x.x',  'GB', 'Firefox',   '115.0.0',     'Windows', '10.0.0',  'Computer'),
    ('0ebb8a1b-12f6-421e-b1bb-75867ac480c7', SEED_NOW('-0907401 seconds'), 'HTTP/1.1', '90.68.x.x',   'ES', 'Firefox',   '115.0.0',     'Windows', '10.0.0',  'Computer'),
    ('0ebb8a1b-12f6-421e-b1bb-75867ac480c7', SEED_NOW('-0906149 seconds'), 'HTTP/1.1', '178.117.x.x', 'BE', 'Firefox',   '117.0.0',     'Linux',   '0.0.0',   'Computer'),
    ('0ebb8a1b-12f6-421e-b1bb-75867ac480c7', SEED_NOW('-0906048 seconds'), 'HTTP/1.1', '89.115.x.x',  'PT', 'Firefox',   '117.0.0',     'Linux',   '0.0.0',   'Computer'),
    ('0ebb8a1b-12f6-421e-b1bb-75867ac480c7', SEED_NOW('-0905842 seconds'), 'HTTP/1.1', '31.16.x.x',   'DE', 'Firefox',   '118.0.0',     'Windows', '10.0.0',  'Computer'),
    ('0ebb8a1b-12f6-421e-b1bb-75867ac480c7', SEED_NOW('-0905842 seconds'), 'HTTP/1.1', '31.16.x.x',   'DE', 'Firefox',   '118.0.0',     'Windows', '10.0.0',  'Computer'),
    ('0ebb8a1b-12f6-421e-b1bb-75867ac480c7', SEED_NOW('-0905038 seconds'), 'HTTP/1.1', '160.177.x.x', 'MA', 'Chrome',    '117.0.0',     'Windows', '10.0.0',  'Computer'),
    ('0ebb8a1b-12f6-421e-b1bb-75867ac480c7', SEED_NOW('-0902366 seconds'), 'HTTP/1.1', '168.119.x.x', 'DE', 'Unknown',   '0.0.0',       'Unknown', '0.0.0',   'Unknown'),
    ('0ebb8a1b-12f6-421e-b1bb-75867ac480c7', SEED_NOW('-0902334 seconds'), 'HTTP/1.1', '72.28.x.x',   'US', 'Firefox',   '118.0.0',     'Windows', '10.0.0',  'Computer'),
    ('0ebb8a1b-12f6-421e-b1bb-75867ac480c7', SEED_NOW('-0902159 seconds'), 'HTTP/1.1', '72.28.x.x',   'US', 'Firefox',   '118.0.0',     'Windows', '10.0.0',  'Computer'),
    ('0ebb8a1b-12f6-421e-b1bb-75867ac480c7', SEED_NOW('-0901991 seconds'), 'HTTP/1.1', '118.140.x.x', 'HK', 'Chrome',    '116.0.0',     'Windows', '10.0.0',  'Computer'),
    ('0ebb8a1b-12f6-421e-b1bb-75867ac480c7', SEED_NOW('-0901065 seconds'), 'HTTP/1.1', '122.129.x.x', 'PK', 'Chrome',    '117.0.0',     'Linux',   '0.0.0',   'Computer'),
    ('0ebb8a1b-12f6-421e-b1bb-75867ac480c7', SEED_NOW('-0900896 seconds'), 'HTTP/1.1', '122.129.x.x', 'PK', 'Chrome',    '117.0.0',     'Linux',   '0.0.0',   'Computer'),
    ('0ebb8a1b-12f6-421e-b1bb-75867ac480c7', SEED_NOW('-0900049 seconds'), 'HTTP/1.1', '84.158.x.x',  'DE', 'Firefox',   '119.0.0',     'Windows', '10.0.0',  'Computer'),
    ('0ebb8a1b-12f6-421e-b1bb-75867ac480c7', SEED_NOW('-0897102 seconds'), 'HTTP/1.1', '84.158.x.x',  'DE', 'Firefox',   '119.0.0',     'Windows', '10.0.0',  'Computer'),
    ('0ebb8a1b-12f6-421e-b1bb-75867ac480c7', SEED_NOW('-0897043 seconds'), 'HTTP/1.1', '84.158.x.x',  'DE', 'Firefox',   '119.0.0',     'Windows', '10.0.0',  'Computer'),
    ('0ebb8a1b-12f6-421e-b1bb-75867ac480c7', SEED_NOW('-0896955 seconds'), 'HTTP/1.1', '80.221.x.x',  'FI', 'Chrome',    '117.0.0',     'MacOSX',  '10.15.7', 'Computer'),
    ('0ebb8a1b-12f6-421e-b1bb-75867ac480c7', SEED_NOW('-0894610 seconds'), 'HTTP/1.1', '80.221.x.x',  'FI', 'Chrome',    '117.0.0',     'MacOSX',  '10.15.7', 'Computer'),
    ('0ebb8a1b-12f6-421e-b1bb-75867ac480c7', SEED_NOW('-0894594 seconds'), 'HTTP/1.1', '80.221.x.x',  'FI', 'Chrome',    '117.0.0',     'MacOSX',  '10.15.7', 'Computer'),
    ('0ebb8a1b-12f6-421e-b1bb-75867ac480c7', SEED_NOW('-0894539 seconds'), 'HTTP/1.1', '80.221.x.x',  'FI', 'Chrome',    '117.0.0',     'MacOSX',  '10.15.7', 'Computer'),
    ('0ebb8a1b-12f6-421e-b1bb-75867ac480c7', SEED_NOW('-0893015 seconds'), 'HTTP/1.1', '178.114.x.x', 'AT', 'Chrome',    '117.0.0',     'Android', '10.0.0',  'Phone'),
    ('0ebb8a1b-12f6-421e-b1bb-75867ac480c7', SEED_NOW('-0892997 seconds'), 'HTTP/1.1', '178.114.x.x', 'AT', 'Chrome',    '117.0.0',     'Android', '10.0.0',  'Phone'),
    ('0ebb8a1b-12f6-421e-b1bb-75867ac480c7', SEED_NOW('-0885882 seconds'), 'HTTP/1.1', '196.74.x.x',  'MA', 'IE',        '117.0.2045',  'MacOSX',  '10.15.7', 'Computer'),
    ('0ebb8a1b-12f6-421e-b1bb-75867ac480c7', SEED_NOW('-0880870 seconds'), 'HTTP/1.1', '196.74.x.x',  'MA', 'IE',        '117.0.2045',  'MacOSX',  '10.15.7', 'Computer'),
    ('0ebb8a1b-12f6-421e-b1bb-75867ac480c7', SEED_NOW('-0879163 seconds'), 'HTTP/1.1', '147.234.x.x', 'IL', 'Firefox',   '118.0.0',     'MacOSX',  '10.15.0', 'Computer'),
    ('0ebb8a1b-12f6-421e-b1bb-75867ac480c7', SEED_NOW('-0877490 seconds'), 'HTTP/1.1', '87.133.x.x',  'DE', 'Chrome',    '117.0.0',     'MacOSX',  '10.15.7', 'Computer'),
    ('0ebb8a1b-12f6-421e-b1bb-75867ac480c7', SEED_NOW('-0874514 seconds'), 'HTTP/1.1', '89.76.x.x',   'PL', 'Safari',    '17.1.0',      'iOS',     '17.1.0',  'Phone'),
    ('0ebb8a1b-12f6-421e-b1bb-75867ac480c7', SEED_NOW('-0869529 seconds'), 'HTTP/1.1', '89.76.x.x',   'PL', 'Safari',    '17.1.0',      'iOS',     '17.1.0',  'Phone'),
    ('0ebb8a1b-12f6-421e-b1bb-75867ac480c7', SEED_NOW('-0869501 seconds'), 'HTTP/1.1', '80.238.x.x',  'PL', 'Chrome',    '117.0.0',     'Windows', '10.0.0',  'Computer'),
    ('0ebb8a1b-12f6-421e-b1bb-75867ac480c7', SEED_NOW('-0867126 seconds'), 'HTTP/1.1', '80.238.x.x',  'PL', 'Chrome',    '117.0.0',     'Windows', '10.0.0',  'Computer'),
    ('0ebb8a1b-12f6-421e-b1bb-75867ac480c7', SEED_NOW('-0866853 seconds'), 'HTTP/1.1', '79.116.x.x',  'ES', 'Chrome',    '117.0.0',     'Windows', '10.0.0',  'Computer'),
    ('0ebb8a1b-12f6-421e-b1bb-75867ac480c7', SEED_NOW('-0859767 seconds'), 'HTTP/1.1', '190.165.x.x', 'CO', 'IE',        '117.0.2045',  'Linux',   '0.0.0',   'Computer'),
    ('0ebb8a1b-12f6-421e-b1bb-75867ac480c7', SEED_NOW('-0854891 seconds'), 'HTTP/1.1', '198.53.x.x',  'CA', 'IE',        '118.0.2088',  'Windows', '10.0.0',  'Computer'),
    ('0ebb8a1b-12f6-421e-b1bb-75867ac480c7', SEED_NOW('-0854216 seconds'), 'HTTP/1.1', '198.53.x.x',  'CA', 'IE',        '118.0.2088',  'Windows', '10.0.0',  'Computer'),
    ('0ebb8a1b-12f6-421e-b1bb-75867ac480c7', SEED_NOW('-0852120 seconds'), 'HTTP/1.1', '71.214.x.x',  'US', 'IE',        '117.0.2045',  'Windows', '10.0.0',  'Computer'),
    ('0ebb8a1b-12f6-421e-b1bb-75867ac480c7', SEED_NOW('-0850103 seconds'), 'HTTP/1.1', '201.95.x.x',  'BR', 'Chrome',    '118.0.0',     'Windows', '10.0.0',  'Computer'),
    ('0ebb8a1b-12f6-421e-b1bb-75867ac480c7', SEED_NOW('-0848474 seconds'), 'HTTP/1.1', '198.53.x.x',  'CA', 'IE',        '118.0.2088',  'Windows', '10.0.0',  'Computer'),
    ('0ebb8a1b-12f6-421e-b1bb-75867ac480c7', SEED_NOW('-0847069 seconds'), 'HTTP/1.1', '93.223.x.x',  'DE', 'Chrome',    '117.0.0',     'Android', '10.0.0',  'Phone'),
    ('0ebb8a1b-12f6-421e-b1bb-75867ac480c7', SEED_NOW('-0847052 seconds'), 'HTTP/1.1', '109.64.x.x',  'IL', 'Chrome',    '117.0.0',     'Windows', '10.0.0',  'Computer'),
    ('0ebb8a1b-12f6-421e-b1bb-75867ac480c7', SEED_NOW('-0843783 seconds'), 'HTTP/1.1', '109.64.x.x',  'IL', 'Chrome',    '117.0.0',     'Windows', '10.0.0',  'Computer'),
    ('0ebb8a1b-12f6-421e-b1bb-75867ac480c7', SEED_NOW('-0841773 seconds'), 'HTTP/1.1', '49.228.x.x',  'TH', 'IE',        '117.0.2045',  'Windows', '10.0.0',  'Computer'),
    ('0ebb8a1b-12f6-421e-b1bb-75867ac480c7', SEED_NOW('-0840720 seconds'), 'HTTP/1.1', '82.73.x.x',   'NL', 'Firefox',   '118.0.0',     'Windows', '10.0.0',  'Computer'),
    ('0ebb8a1b-12f6-421e-b1bb-75867ac480c7', SEED_NOW('-0840435 seconds'), 'HTTP/1.1', '164.39.x.x',  'GB', 'Firefox',   '118.0.0',     'Windows', '10.0.0',  'Computer'),
    ('0ebb8a1b-12f6-421e-b1bb-75867ac480c7', SEED_NOW('-0837034 seconds'), 'HTTP/1.1', '127.14.x.x',  'NL', 'Chrome',    '117.0.0',     'Linux',   '0.0.0',   'Computer'),
    ('0ebb8a1b-12f6-421e-b1bb-75867ac480c7', SEED_NOW('-0836480 seconds'), 'HTTP/1.1', '198.244.x.x', 'GB', 'Chrome',    '117.0.0',     'Windows', '10.0.0',  'Computer'),
    ('0ebb8a1b-12f6-421e-b1bb-75867ac480c7', SEED_NOW('-0836395 seconds'), 'HTTP/1.1', '127.14.x.x',  'NL', 'Chrome',    '117.0.0',     'Linux',   '0.0.0',   'Computer'),
    ('0ebb8a1b-12f6-421e-b1bb-75867ac480c7', SEED_NOW('-0836018 seconds'), 'HTTP/1.1', '147.161.x.x', 'DE', 'Chrome',    '117.0.0',     'Windows', '10.0.0',  'Computer'),
    ('0ebb8a1b-12f6-421e-b1bb-75867ac480c7', SEED_NOW('-0831283 seconds'), 'HTTP/1.1', '85.119.x.x',  'HU', 'Firefox',   '118.0.0',     'Windows', '10.0.0',  'Computer'),
    ('0ebb8a1b-12f6-421e-b1bb-75867ac480c7', SEED_NOW('-0831265 seconds'), 'HTTP/1.1', '155.190.x.x', 'SG', 'Chrome',    '117.0.0',     'Windows', '10.0.0',  'Computer'),
    ('0ebb8a1b-12f6-421e-b1bb-75867ac480c7', SEED_NOW('-0830220 seconds'), 'HTTP/1.1', '155.190.x.x', 'SG', 'Chrome',    '117.0.0',     'Windows', '10.0.0',  'Computer'),
    ('0ebb8a1b-12f6-421e-b1bb-75867ac480c7', SEED_NOW('-0830204 seconds'), 'HTTP/1.1', '88.97.x.x',   'GB', 'Firefox',   '118.0.0',     'Linux',   '0.0.0',   'Computer'),
    ('0ebb8a1b-12f6-421e-b1bb-75867ac480c7', SEED_NOW('-0827537 seconds'), 'HTTP/1.1', '192.228.x.x', 'MY', 'Chrome',    '117.0.0',     'Windows', '10.0.0',  'Computer'),
    ('0ebb8a1b-12f6-421e-b1bb-75867ac480c7', SEED_NOW('-0827259 seconds'), 'HTTP/1.1', '82.78.x.x',   'RO', 'Chrome',    '117.0.0',     'Android', '10.0.0',  'Phone'),
    ('0ebb8a1b-12f6-421e-b1bb-75867ac480c7', SEED_NOW('-0826122 seconds'), 'HTTP/1.1', '152.241.x.x', 'BR', 'Chrome',    '117.0.0',     'MacOSX',  '10.15.7', 'Computer'),
    ('0ebb8a1b-12f6-421e-b1bb-75867ac480c7', SEED_NOW('-0826114 seconds'), 'HTTP/1.1', '42.2.x.x',    'HK', 'Chrome',    '115.0.0',     'MacOSX',  '10.15.7', 'Computer'),
    ('0ebb8a1b-12f6-421e-b1bb-75867ac480c7', SEED_NOW('-0825945 seconds'), 'HTTP/1.1', '190.42.x.x',  'PE', 'Firefox',   '118.0.0',     'Linux',   '0.0.0',   'Computer'),
    ('0ebb8a1b-12f6-421e-b1bb-75867ac480c7', SEED_NOW('-0825918 seconds'), 'HTTP/1.1', '144.48.x.x',  'AU', 'Firefox',   '118.0.0',     'Windows', '10.0.0',  'Computer'),
    ('0ebb8a1b-12f6-421e-b1bb-75867ac480c7', SEED_NOW('-0822730 seconds'), 'HTTP/1.1', '185.153.x.x', 'CA', 'Firefox',   '118.0.0',     'Windows', '10.0.0',  'Computer'),
    ('0ebb8a1b-12f6-421e-b1bb-75867ac480c7', SEED_NOW('-0822510 seconds'), 'HTTP/1.1', '83.251.x.x',  'SE', 'Firefox',   '115.0.0',     'Android', '10.0.0',  'Phone'),
    ('0ebb8a1b-12f6-421e-b1bb-75867ac480c7', SEED_NOW('-0822447 seconds'), 'HTTP/1.1', '136.24.x.x',  'US', 'Chrome',    '117.0.0',     'Windows', '10.0.0',  'Computer'),
    ('0ebb8a1b-12f6-421e-b1bb-75867ac480c7', SEED_NOW('-0821775 seconds'), 'HTTP/1.1', '82.220.x.x',  'CH', 'Safari',    '17.1.0',      'MacOSX',  '10.15.7', 'Computer'),
    ('0ebb8a1b-12f6-421e-b1bb-75867ac480c7', SEED_NOW('-0818178 seconds'), 'HTTP/1.1', '185.245.x.x', 'DE', 'Chrome',    '117.0.0',     'Windows', '10.0.0',  'Computer'),
    ('0ebb8a1b-12f6-421e-b1bb-75867ac480c7', SEED_NOW('-0818146 seconds'), 'HTTP/1.1', '185.245.x.x', 'DE', 'Chrome',    '117.0.0',     'Windows', '10.0.0',  'Computer'),
    ('0ebb8a1b-12f6-421e-b1bb-75867ac480c7', SEED_NOW('-0818065 seconds'), 'HTTP/1.1', '71.229.x.x',  'US', 'Firefox',   '118.0.0',     'MacOSX',  '10.15.0', 'Computer'),
    ('0ebb8a1b-12f6-421e-b1bb-75867ac480c7', SEED_NOW('-0802641 seconds'), 'HTTP/1.1', '198.50.x.x',  'CA', 'Firefox',   '118.0.0',     'Windows', '10.0.0',  'Computer'),
    ('0ebb8a1b-12f6-421e-b1bb-75867ac480c7', SEED_NOW('-0802639 seconds'), 'HTTP/1.1', '95.139.x.x',  'RU', 'Yandex',    '23.9.3',      'Android', '12.0.0',  'Phone'),
    ('0ebb8a1b-12f6-421e-b1bb-75867ac480c7', SEED_NOW('-0799446 seconds'), 'HTTP/1.1', '181.65.x.x',  'PE', 'Firefox',   '117.0.0',     'Windows', '10.0.0',  'Computer'),
    ('0ebb8a1b-12f6-421e-b1bb-75867ac480c7', SEED_NOW('-0793552 seconds'), 'HTTP/1.1', '68.59.x.x',   'US', 'Chrome',    '117.0.0',     'Windows', '10.0.0',  'Computer'),
    ('0ebb8a1b-12f6-421e-b1bb-75867ac480c7', SEED_NOW('-0793419 seconds'), 'HTTP/1.1', '68.59.x.x',   'US', 'Chrome',    '117.0.0',     'Windows', '10.0.0',  'Computer'),
    ('0ebb8a1b-12f6-421e-b1bb-75867ac480c7', SEED_NOW('-0786818 seconds'), 'HTTP/1.1', '68.59.x.x',   'US', 'Chrome',    '117.0.0',     'Windows', '10.0.0',  'Computer'),
    ('0ebb8a1b-12f6-421e-b1bb-75867ac480c7', SEED_NOW('-0784469 seconds'), 'HTTP/1.1', '212.88.x.x',  'BE', 'Chrome',    '117.0.0',     'Windows', '10.0.0',  'Computer'),
    ('0ebb8a1b-12f6-421e-b1bb-75867ac480c7', SEED_NOW('-0783349 seconds'), 'HTTP/1.1', '88.0.x.x',    'ES', 'Firefox',   '118.0.0',     'Android', '13.0.0',  'Phone'),
    ('0ebb8a1b-12f6-421e-b1bb-75867ac480c7', SEED_NOW('-0783331 seconds'), 'HTTP/1.1', '88.0.x.x',    'ES', 'Firefox',   '118.0.0',     'Android', '13.0.0',  'Phone'),
    ('0ebb8a1b-12f6-421e-b1bb-75867ac480c7', SEED_NOW('-0781305 seconds'), 'HTTP/1.1', '77.119.x.x',  'AT', 'Chrome',    '116.0.5845',  'iOS',     '17.0.0',  'Phone'),
    ('0ebb8a1b-12f6-421e-b1bb-75867ac480c7', SEED_NOW('-0771015 seconds'), 'HTTP/1.1', '129.213.x.x', 'US', 'Firefox',   '116.0.0',     'Linux',   '0.0.0',   'Computer'),
    ('0ebb8a1b-12f6-421e-b1bb-75867ac480c7', SEED_NOW('-0769807 seconds'), 'HTTP/1.1', '185.254.x.x', 'HR', 'Safari',    '17.0.0',      'iOS',     '17.0.2',  'Phone'),
    ('0ebb8a1b-12f6-421e-b1bb-75867ac480c7', SEED_NOW('-0762628 seconds'), 'HTTP/1.1', '185.254.x.x', 'HR', 'Safari',    '17.0.0',      'iOS',     '17.0.2',  'Phone'),
    ('0ebb8a1b-12f6-421e-b1bb-75867ac480c7', SEED_NOW('-0760937 seconds'), 'HTTP/1.1', '98.118.x.x',  'US', 'Firefox',   '118.0.0',     'Windows', '10.0.0',  'Computer'),
    ('0ebb8a1b-12f6-421e-b1bb-75867ac480c7', SEED_NOW('-0760140 seconds'), 'HTTP/1.1', '72.197.x.x',  'US', 'Safari',    '16.6.0',      'MacOSX',  '10.15.7', 'Computer'),
    ('0ebb8a1b-12f6-421e-b1bb-75867ac480c7', SEED_NOW('-0751662 seconds'), 'HTTP/1.1', '32.143.x.x',  'US', 'Chrome',    '116.0.0',     'Windows', '10.0.0',  'Computer'),
    ('0ebb8a1b-12f6-421e-b1bb-75867ac480c7', SEED_NOW('-0751527 seconds'), 'HTTP/1.1', '189.172.x.x', 'MX', 'Chrome',    '117.0.0',     'MacOSX',  '10.15.7', 'Computer'),
    ('0ebb8a1b-12f6-421e-b1bb-75867ac480c7', SEED_NOW('-0749837 seconds'), 'HTTP/1.1', '217.225.x.x', 'DE', 'Firefox',   '115.0.0',     'Android', '10.0.0',  'Phone'),
    ('0ebb8a1b-12f6-421e-b1bb-75867ac480c7', SEED_NOW('-0729007 seconds'), 'HTTP/1.1', '96.248.x.x',  'US', 'Chrome',    '117.0.0',     'Windows', '10.0.0',  'Computer'),
    ('0ebb8a1b-12f6-421e-b1bb-75867ac480c7', SEED_NOW('-0705149 seconds'), 'HTTP/1.1', '109.252.x.x', 'RU', 'Chrome',    '117.0.0',     'Linux',   '0.0.0',   'Computer'),
    ('0ebb8a1b-12f6-421e-b1bb-75867ac480c7', SEED_NOW('-0705090 seconds'), 'HTTP/1.1', '138.4.x.x',   'ES', 'Firefox',   '118.0.0',     'Linux',   '0.0.0',   'Computer'),
    ('0ebb8a1b-12f6-421e-b1bb-75867ac480c7', SEED_NOW('-0705078 seconds'), 'HTTP/1.1', '138.4.x.x',   'ES', 'Firefox',   '118.0.0',     'Linux',   '0.0.0',   'Computer'),
    ('0ebb8a1b-12f6-421e-b1bb-75867ac480c7', SEED_NOW('-0704988 seconds'), 'HTTP/1.1', '87.67.x.x',   'BE', 'Chrome',    '117.0.0',     'Android', '10.0.0',  'Phone'),
    ('0ebb8a1b-12f6-421e-b1bb-75867ac480c7', SEED_NOW('-0688368 seconds'), 'HTTP/1.1', '87.67.x.x',   'BE', 'Chrome',    '117.0.0',     'Android', '10.0.0',  'Phone'),
    ('0ebb8a1b-12f6-421e-b1bb-75867ac480c7', SEED_NOW('-0686167 seconds'), 'HTTP/1.1', '83.215.x.x',  'AT', 'Chrome',    '117.0.0',     'Android', '10.0.0',  'Phone'),
    ('0ebb8a1b-12f6-421e-b1bb-75867ac480c7', SEED_NOW('-0677524 seconds'), 'HTTP/1.1', '83.215.x.x',  'AT', 'Chrome',    '117.0.0',     'Android', '10.0.0',  'Phone'),
    ('0ebb8a1b-12f6-421e-b1bb-75867ac480c7', SEED_NOW('-0665967 seconds'), 'HTTP/1.1', '67.161.x.x',  'US', 'Chrome',    '117.0.0',     'Android', '10.0.0',  'Phone'),
    ('0ebb8a1b-12f6-421e-b1bb-75867ac480c7', SEED_NOW('-0665497 seconds'), 'HTTP/1.1', '5.14.x.x',    'RO', 'Samsung',   '0.0.0',       'Android', '13.0.0',  'Phone'),
    ('0ebb8a1b-12f6-421e-b1bb-75867ac480c7', SEED_NOW('-0662172 seconds'), 'HTTP/1.1', '98.58.x.x',   'US', 'Chrome',    '116.0.0',     'MacOSX',  '10.15.7', 'Computer'),
    ('0ebb8a1b-12f6-421e-b1bb-75867ac480c7', SEED_NOW('-0662147 seconds'), 'HTTP/1.1', '154.160.x.x', 'GH', 'Chrome',    '117.0.0',     'Android', '10.0.0',  'Phone'),
    ('0ebb8a1b-12f6-421e-b1bb-75867ac480c7', SEED_NOW('-0642886 seconds'), 'HTTP/1.1', '172.56.x.x',  'US', 'Chrome',    '117.0.0',     'Android', '10.0.0',  'Phone'),
    ('0ebb8a1b-12f6-421e-b1bb-75867ac480c7', SEED_NOW('-0624203 seconds'), 'HTTP/1.1', '24.247.x.x',  'US', 'Chrome',    '117.0.0',     'Windows', '10.0.0',  'Computer'),
    ('0ebb8a1b-12f6-421e-b1bb-75867ac480c7', SEED_NOW('-0603770 seconds'), 'HTTP/1.1', '24.247.x.x',  'US', 'Chrome',    '117.0.0',     'Windows', '10.0.0',  'Computer'),
    ('0ebb8a1b-12f6-421e-b1bb-75867ac480c7', SEED_NOW('-0601550 seconds'), 'HTTP/1.1', '127.14.x.x',  'NL', 'Chrome',    '117.0.0',     'Linux',   '0.0.0',   'Computer'),
    ('0ebb8a1b-12f6-421e-b1bb-75867ac480c7', SEED_NOW('-0601544 seconds'), 'HTTP/1.1', '91.229.x.x',  'US', 'Firefox',   '117.0.0',     'MacOSX',  '10.15.0', 'Computer'),
    ('0ebb8a1b-12f6-421e-b1bb-75867ac480c7', SEED_NOW('-0601531 seconds'), 'HTTP/1.1', '127.14.x.x',  'NL', 'Chrome',    '117.0.0',     'Linux',   '0.0.0',   'Computer'),
    ('0ebb8a1b-12f6-421e-b1bb-75867ac480c7', SEED_NOW('-0600236 seconds'), 'HTTP/1.1', '195.154.x.x', 'FR', 'Unknown',   '0.0.0',       'Unknown', '0.0.0',   'Unknown'),
    ('0ebb8a1b-12f6-421e-b1bb-75867ac480c7', SEED_NOW('-0591369 seconds'), 'HTTP/1.1', '77.150.x.x',  'FR', 'Firefox',   '118.0.0',     'Linux',   '0.0.0',   'Computer'),
    ('0ebb8a1b-12f6-421e-b1bb-75867ac480c7', SEED_NOW('-0587196 seconds'), 'HTTP/1.1', '77.150.x.x',  'FR', 'Firefox',   '118.0.0',     'Linux',   '0.0.0',   'Computer'),
    ('0ebb8a1b-12f6-421e-b1bb-75867ac480c7', SEED_NOW('-0575265 seconds'), 'HTTP/1.1', '199.118.x.x', 'CO', 'Chrome',    '114.0.0',     'Linux',   '0.0.0',   'Computer'),
    ('0ebb8a1b-12f6-421e-b1bb-75867ac480c7', SEED_NOW('-0556385 seconds'), 'HTTP/1.1', '124.5.x.x',   'KR', 'IE',        '117.0.2045',  'Windows', '10.0.0',  'Computer'),
    ('0ebb8a1b-12f6-421e-b1bb-75867ac480c7', SEED_NOW('-0506078 seconds'), 'HTTP/1.1', '124.5.x.x',   'KR', 'IE',        '117.0.2045',  'Windows', '10.0.0',  'Computer'),
    ('0ebb8a1b-12f6-421e-b1bb-75867ac480c7', SEED_NOW('-0495392 seconds'), 'HTTP/1.1', '124.5.x.x',   'KR', 'IE',        '117.0.2045',  'Windows', '10.0.0',  'Computer'),
    ('0ebb8a1b-12f6-421e-b1bb-75867ac480c7', SEED_NOW('-0479944 seconds'), 'HTTP/1.1', '124.5.x.x',   'KR', 'IE',        '117.0.2045',  'Windows', '10.0.0',  'Computer'),
    ('0ebb8a1b-12f6-421e-b1bb-75867ac480c7', SEED_NOW('-0476183 seconds'), 'HTTP/1.1', '124.5.x.x',   'KR', 'IE',        '117.0.2045',  'Windows', '10.0.0',  'Computer'),
    ('0ebb8a1b-12f6-421e-b1bb-75867ac480c7', SEED_NOW('-0443193 seconds'), 'HTTP/1.1', '124.5.x.x',   'KR', 'IE',        '117.0.2045',  'Windows', '10.0.0',  'Computer'),
    ('0ebb8a1b-12f6-421e-b1bb-75867ac480c7', SEED_NOW('-0438636 seconds'), 'HTTP/1.1', '124.5.x.x',   'KR', 'IE',        '117.0.2045',  'Windows', '10.0.0',  'Computer'),
    ('0ebb8a1b-12f6-421e-b1bb-75867ac480c7', SEED_NOW('-0429191 seconds'), 'HTTP/1.1', '124.5.x.x',   'KR', 'IE',        '117.0.2045',  'Windows', '10.0.0',  'Computer'),
    ('0ebb8a1b-12f6-421e-b1bb-75867ac480c7', SEED_NOW('-0419829 seconds'), 'HTTP/1.1', '124.5.x.x',   'KR', 'IE',        '117.0.2045',  'Windows', '10.0.0',  'Computer'),
    ('0ebb8a1b-12f6-421e-b1bb-75867ac480c7', SEED_NOW('-0418437 seconds'), 'HTTP/1.1', '124.5.x.x',   'KR', 'IE',        '117.0.2045',  'Windows', '10.0.0',  'Computer'),
    ('0ebb8a1b-12f6-421e-b1bb-75867ac480c7', SEED_NOW('-0415194 seconds'), 'HTTP/1.1', '124.5.x.x',   'KR', 'IE',        '117.0.2045',  'Windows', '10.0.0',  'Computer'),
    ('0ebb8a1b-12f6-421e-b1bb-75867ac480c7', SEED_NOW('-0391938 seconds'), 'HTTP/1.1', '17.22.x.x',   'US', 'AppleBot',  '0.0.0',       'Bot',     '10.15.5', 'Computer'),
    ('0ebb8a1b-12f6-421e-b1bb-75867ac480c7', SEED_NOW('-0343439 seconds'), 'HTTP/1.1', '199.118.x.x', 'CO', 'Chrome',    '114.0.0',     'Linux',   '0.0.0',   'Computer'),
    ('0ebb8a1b-12f6-421e-b1bb-75867ac480c7', SEED_NOW('-0342144 seconds'), 'HTTP/1.1', '199.118.x.x', 'CO', 'Chrome',    '114.0.0',     'Linux',   '0.0.0',   'Computer'),
    ('0ebb8a1b-12f6-421e-b1bb-75867ac480c7', SEED_NOW('-0331780 seconds'), 'HTTP/1.1', '127.14.x.x',  'NL', 'Chrome',    '117.0.0',     'Android', '10.0.0',  'Phone'),
    ('0ebb8a1b-12f6-421e-b1bb-75867ac480c7', SEED_NOW('-0331779 seconds'), 'HTTP/1.1', '87.100.x.x',  'FI', 'Chrome',    '116.0.0',     'MacOSX',  '10.15.7', 'Computer'),
    ('0ebb8a1b-12f6-421e-b1bb-75867ac480c7', SEED_NOW('-0280015 seconds'), 'HTTP/1.1', '179.6.x.x',   'PE', 'Chrome',    '117.0.0',     'Windows', '10.0.0',  'Computer'),
    ('0ebb8a1b-12f6-421e-b1bb-75867ac480c7', SEED_NOW('-0279972 seconds'), 'HTTP/1.1', '101.0.x.x',   'IN', 'IE',        '117.0.2045',  'Windows', '10.0.0',  'Computer'),
    ('0ebb8a1b-12f6-421e-b1bb-75867ac480c7', SEED_NOW('-0279971 seconds'), 'HTTP/1.1', '189.146.x.x', 'MX', 'Chrome',    '117.0.0',     'MacOSX',  '10.15.7', 'Computer'),
    ('0ebb8a1b-12f6-421e-b1bb-75867ac480c7', SEED_NOW('-0279814 seconds'), 'HTTP/1.1', '14.236.x.x',  'EG', 'Chrome',    '116.0.0',     'MacOSX',  '10.15.7', 'Computer'),
    ('0ebb8a1b-12f6-421e-b1bb-75867ac480c7', SEED_NOW('-0278514 seconds'), 'HTTP/1.1', '14.236.x.x',  'EG', 'Chrome',    '116.0.0',     'MacOSX',  '10.15.7', 'Computer'),
    ('0ebb8a1b-12f6-421e-b1bb-75867ac480c7', SEED_NOW('-0278193 seconds'), 'HTTP/1.1', '14.236.x.x',  'EG', 'Chrome',    '116.0.0',     'MacOSX',  '10.15.7', 'Computer'),
    ('0ebb8a1b-12f6-421e-b1bb-75867ac480c7', SEED_NOW('-0275926 seconds'), 'HTTP/1.1', '127.14.x.x',  'NL', 'Chrome',    '117.0.0',     'Linux',   '0.0.0',   'Computer'),
    ('0ebb8a1b-12f6-421e-b1bb-75867ac480c7', SEED_NOW('-0254516 seconds'), 'HTTP/1.1', '189.146.x.x', 'MX', 'Chrome',    '117.0.0',     'MacOSX',  '10.15.7', 'Computer'),
    ('0ebb8a1b-12f6-421e-b1bb-75867ac480c7', SEED_NOW('-0246727 seconds'), 'HTTP/1.1', '149.224.x.x', 'DE', 'Firefox',   '118.0.0',     'Windows', '10.0.0',  'Computer'),
    ('0ebb8a1b-12f6-421e-b1bb-75867ac480c7', SEED_NOW('-0237458 seconds'), 'HTTP/1.1', '149.224.x.x', 'DE', 'Firefox',   '118.0.0',     'Windows', '10.0.0',  'Computer'),
    ('0ebb8a1b-12f6-421e-b1bb-75867ac480c7', SEED_NOW('-0217697 seconds'), 'HTTP/1.1', '141.136.x.x', 'AM', 'Chrome',    '117.0.0',     'Linux',   '0.0.0',   'Computer'),
    ('0ebb8a1b-12f6-421e-b1bb-75867ac480c7', SEED_NOW('-0215467 seconds'), 'HTTP/1.1', '66.249.x.x',  'US', 'GoogleBot', '0.0.0',       'Bot',     '0.0.0',   'Computer'),
    ('0ebb8a1b-12f6-421e-b1bb-75867ac480c7', SEED_NOW('-0214993 seconds'), 'HTTP/1.1', '174.72.x.x',  'US', 'Chrome',    '117.0.0',     'Windows', '10.0.0',  'Computer'),
    ('0ebb8a1b-12f6-421e-b1bb-75867ac480c7', SEED_NOW('-0196751 seconds'), 'HTTP/1.1', '168.119.x.x', 'DE', 'Unknown',   '0.0.0',       'Unknown', '0.0.0',   'Unknown'),
    ('0ebb8a1b-12f6-421e-b1bb-75867ac480c7', SEED_NOW('-0189831 seconds'), 'HTTP/1.1', '188.207.x.x', 'NL', 'Chrome',    '117.0.0',     'Android', '10.0.0',  'Phone'),
    ('0ebb8a1b-12f6-421e-b1bb-75867ac480c7', SEED_NOW('-0189766 seconds'), 'HTTP/1.1', '201.87.x.x',  'BR', 'Firefox',   '118.0.0',     'Windows', '10.0.0',  'Computer'),
    ('0ebb8a1b-12f6-421e-b1bb-75867ac480c7', SEED_NOW('-0189006 seconds'), 'HTTP/1.1', '31.32.x.x',   'FR', 'Firefox',   '118.0.0',     'Windows', '10.0.0',  'Computer'),
    ('0ebb8a1b-12f6-421e-b1bb-75867ac480c7', SEED_NOW('-0188979 seconds'), 'HTTP/1.1', '201.87.x.x',  'BR', 'Firefox',   '118.0.0',     'Windows', '10.0.0',  'Computer'),
    ('0ebb8a1b-12f6-421e-b1bb-75867ac480c7', SEED_NOW('-0171892 seconds'), 'HTTP/1.1', '65.154.x.x',  'US', 'Chrome',    '117.0.5938',  'Linux',   '0.0.0',   'Computer'),
    ('0ebb8a1b-12f6-421e-b1bb-75867ac480c7', SEED_NOW('-0144218 seconds'), 'HTTP/1.1', '145.224.x.x', 'FR', 'Chrome',    '117.0.0',     'MacOSX',  '10.15.7', 'Computer'),
    ('0ebb8a1b-12f6-421e-b1bb-75867ac480c7', SEED_NOW('-0144214 seconds'), 'HTTP/1.1', '145.224.x.x', 'FR', 'Chrome',    '117.0.0',     'MacOSX',  '10.15.7', 'Computer'),
    ('0ebb8a1b-12f6-421e-b1bb-75867ac480c7', SEED_NOW('-0096388 seconds'), 'HTTP/1.1', '193.233.x.x', 'RU', 'Chrome',    '117.0.0',     'MacOSX',  '10.15.7', 'Computer'),
    ('0ebb8a1b-12f6-421e-b1bb-75867ac480c7', SEED_NOW('-0080918 seconds'), 'HTTP/1.1', '161.142.x.x', 'MY', 'Chrome',    '116.0.0',     'MacOSX',  '10.15.7', 'Computer'),
    ('0ebb8a1b-12f6-421e-b1bb-75867ac480c7', SEED_NOW('-0080910 seconds'), 'HTTP/1.1', '127.14.x.x',  'NL', 'Chrome',    '117.0.0',     'Linux',   '0.0.0',   'Computer'),
    ('0ebb8a1b-12f6-421e-b1bb-75867ac480c7', SEED_NOW('-0057748 seconds'), 'HTTP/1.1', '127.14.x.x',  'NL', 'Chrome',    '117.0.0',     'Linux',   '0.0.0',   'Computer'),
    ('0ebb8a1b-12f6-421e-b1bb-75867ac480c7', SEED_NOW('-0049454 seconds'), 'HTTP/1.1', '127.14.x.x',  'NL', 'Chrome',    '117.0.0',     'Linux',   '0.0.0',   'Computer'),
    ('0ebb8a1b-12f6-421e-b1bb-75867ac480c7', SEED_NOW('-0049090 seconds'), 'HTTP/1.1', '199.105.x.x', 'CR', 'Firefox',   '118.0.0',     'iOS',     '16.7.0',  'Phone');
